context,date_time
超短哥认为，此次由ST面值退市所引发的低价格抛售潮并非短期内就能够结束，或许会持,06-14 10:24
房地产政策新动向下的产业链投资机遇与高股息策略探讨,06-14 10:24
您好，以下是对今日股市行情的总结：6.14日,06-14 10:18
今天这种缩量大风车式反弹，就注定后面跌的时候不亚于月初这波下跌。,06-12 06:09
缩量市场下的博弈：你为何越努力越亏钱？,06-13 11:31
有点夸张这标题，罕见涨停[呲牙]#并购传闻来袭，海通证券罕见涨停#,06-14 07:26
下午收红,06-14 12:19
强烈建议，强烈建议！,06-14 09:55
大盘拉到4000我都回不了本[捂脸],06-14 09:52
如果股市里绝大多数都是投资不投机的人，那股票退市前后的股价不会有多大的差别。正是,06-14 09:50
$上证指数(SH000001)$,06-14 09:45
深圳一老牌房企拍卖旗下全部股权！,06-14 09:43
20240614~卧龙午盘小憩,06-14 11:42
量化不除，股市不兴。#钮文新：要为正能量注入股市提供空间#,06-14 09:32
$上证指数(SH000001)$,06-14 09:29
#并购传闻来袭，海通证券罕见涨停#并购了又能怎样？两个垃圾合在一起就。,06-14 09:25
超跌反弹#航母型券商呼之欲出？海通证券大涨#,06-14 06:12
信了再说？涨停为敬——券商96%红，法国股市断崖式暴跌进行时……,06-14 09:03
利用证券带来的拉涨，有四两拨千斤的技巧感，中信功不可没，其在近14个交易日内累计加空14919手，平均每天要加空超过千手。。。。,06-14 09:00
个股挖掘：南京高科（黑马）创投航母房地产高新科技孵化国资背景高分红医药价值投资个,06-14 09:35
退市要赔偿#钮文新：要为正能量注入股市提供空间#,06-14 09:05
苹果蹭上AI，市值飙涨1.5万亿元，机会来了？,06-12 06:04
看看今天交通银行天量，长江电力天量，川投能源天量，国投电力天量，...意味着什么,06-14 06:43
下周大A反弹前应还有一跌，今年做个股别指望大盘了,06-14 08:55
本周领涨龙头是超跌股及严重超跌st股／…..，因为做股票赚钱的实质就是大中小循环,06-14 08:23
上周五天亏4天，这周只有一天是亏损，有进步！,06-14 08:51
6.14 周末愉快,06-14 08:09
这市场，业绩好的比业绩雾里看花的甚至亏损股跌的还残，杀散户太狠了！大家都销户吧，,06-14 08:47
5000亿大利好！精准支持科技型企业,06-14 07:58
$3011.58，本轮调整低点大概率已经探明，新周期或将由半导体、人工客服、证券,06-14 05:11
怀念以前的股市以前一只股票主力要经过吸货，清洗散户，拉升，派货才能赚钱。有时候完,06-14 03:28
【回购增持增长120%！】,06-14 07:29
不安分了，又有小作文疯传！,06-14 08:42
虚拟电厂：新能源的“超级英雄”，股民的新宠儿！,06-14 08:39
茅台酒市场批发价迎来单日大幅下跌！,06-14 08:36
各位股友中午好！我回来了！朋友们半月未见，甚是想念！近来可好？我的铁粉们都瞬间消,06-14 11:26
很明显，券商掩护资金撤退，下周3下见,06-14 08:27
2024.6.14A股分析（工业富联历史新高的验证）,06-14 08:25
鱼头吃到鱼尾原创赵灵儿笔记赵灵儿笔记2024-06-1415:29江苏A股三大指,06-14 03:42
为自己下了一碗面,06-14 07:18
下周破3000了,06-14 08:22
不知道大家注意到没.给大家提个醒.北向连着出逃5天了,06-14 07:23
策略丨A股午后拉升，主力已经行动了！下周有望开启大涨！,06-14 02:33
总要有理由弹一下！现在一拉就跑路散户们还是要管住手等待时机！#并购传闻来袭，海通,06-14 08:06
2.8亿股转融通，3千必下,06-14 08:05
市场是生产机会的永动机。机会无限。可是机会！总是认识在前，把握在后。,06-14 06:57
#并购传闻来袭，海通证券罕见涨停#,06-14 08:00
股票价格的本质,06-14 06:00
2024年第23周（6月7日），本周亏损19464元，年亏损917元。,06-13 10:57
反弹走完了，降了些仓位，注意风险了。,06-13 02:51
突然停牌？这是投资者最关心的，荣科科技的走向可以用“几家欢喜几家愁”来表达啊！认,06-14 07:44
克来机电，持股中。,06-14 07:42
牛市来了，幻想牛[呲牙],06-14 10:03
反击从现在开始,06-14 07:31
下周预判，震荡回升,06-14 07:28
今年这么早就3000点保卫战了。,06-14 07:27
30万实盘记录（第25天）,06-13 08:35
北向资金总额是怎么回事，怎么多了600亿了？[发呆][发呆][发呆],06-14 07:20
一年了，只做过一次买入和卖出操作，套里面了只能躺平，交易所别想多挣我一分手续费！,06-14 07:14
有没有超级利好,06-14 07:11
看完茅台的价格，我觉得今年消费板块没行情了,06-12 07:38
我眼花了吗北向买了700多亿,06-14 06:53
我想问一下，到底什么时候T+0,06-14 06:51
下周至少可见2980吧？,06-14 06:54
大盘指数还要再砸一把的，别高兴太早。[奸笑][奸笑][旺柴][旺柴][得意][得,06-14 06:44
3000掉到2600多，又涨到3100，发现还是多亏15个点,06-14 06:55
认知与积累原创天行九歌天行九歌92024-06-1418:09湖南听全文错过了船,06-14 07:01
3000必破,06-14 06:59
每日行情 | 今日A股市场震荡反弹，小幅收涨。,06-14 06:53
3000保卫战险胜！,06-14 03:07
"""退金令""是中国国务院国资委发布的一项政策，要求国有企业（央企）退出金融行业的投",06-14 06:47
这个板块，下周会涨？,06-14 06:47
下周必定破3000，这次2900能不能抗住,06-14 06:12
白酒、半导体小跌，可以抄底了？,06-12 07:08
以金融高质量发展推动世界经济增长！2024陆家嘴论坛将于6月19日至20日召开。,06-14 05:19
白酒、半导体小跌，可以抄底了？,06-12 07:08
以金融高质量发展推动世界经济增长！2024陆家嘴论坛将于6月19日至20日召开。,06-14 05:19
据上海发布6月13日消息，上海市委书记陈吉宁今天（6月13日）下午在调研国泰君安证券股份有限公司时指出，要胸怀“国之大者”,06-14 05:31
无底线,06-11 09:36
啥时候跌破三千跌啥时候进场买一股！！这市场只有投机，没有投资！！造假退市一项把老,06-14 06:34
满仓第2天《做好扶稳》,06-13 08:51
这类债券“火出圈”！成交额屡创新高，可转债基金怎么选？,06-13 09:33
两手准备,06-14 03:32
大盘一日同风起，扶摇直上九万里[呲牙][呲牙][呲牙],06-14 06:28
破吧，不差这几个点，先破后立或许更好,06-14 06:26
今日盘中再创调整新低3011，日线级别波浪形态划分：1浪3174～3087跌87,06-14 06:25
贵州茅台探底回升，酱香型科技还能涨吗！,06-14 06:25
美股昨晚最后的回光返照完毕，今晚开始进入破位下跌时间。～～～～～～～～～～～～～,06-13 08:13
A股收评：沪指探底回升，证券等大金融板块午后拉升！,06-14 06:23
午盘观点：能V起来吗？光模块大涨，又能AI了？,06-14 02:11
南下资金连续多日净买入港股，漏风呀！,06-14 06:22
有大神知道量化交易费是多少，怎么都是几百上千笔1手的单子？,06-14 06:19
吃饭先喝碗汤，[偷笑],06-14 08:39
【欧奈尔每日市场回顾-24/06/14】房地产、钢铁、家电和建材板块表现优于大盘,06-14 06:13
A古：下周将有大事发生！大变局即将出现！,06-14 05:09
用了十头车勉强将指数拉红。,06-14 06:10
下个礼拜3000点必破,06-14 06:09
关闭转融通量化！#钮文新：要为正能量注入股市提供空间#,06-14 06:07
又见新低,06-14 06:05
现在属于坑里淘豆子阶段，太难了,06-14 11:42
OK,06-11 10:22
来一个痛痛快快的大长腿不好吗,06-14 06:02
外资天天跑,06-14 05:54
五日线都站不上，弱的一逼。,06-14 05:59
#钮文新：要为正能量注入股市提供空间#万变不离其宗,06-14 05:58
一直在坚定的做耐心资本,06-14 05:58
6月14日热门个股一览1.工业富联：创出新高，强行护盘2.正丹股份：市场太弱，继,06-14 05:58
迫在眉睫纠正投机的市场,06-14 04:39
上证指数今日大概率探底回升，中粮资本收红概率大,06-14 09:27
尾盘是怎么了为什么好多竞价都在卖？,06-14 05:54
剪刀差超预期扩大，下周降息有戏？,06-14 05:18
上证指数大盘观点，今天结束一周的交易大盘指数也正好来到3000点整数关口，指数从,06-14 04:43
专注妖股，追求连板，只在乎隔天溢价，不在乎天长地久做A股的巴菲特，共勉！,06-14 04:22
2024.06.14,06-14 05:51
个股，指数，从技术面看，能不能不断新高生长，是判断的重要条件#航母型券商呼之欲出,06-14 04:22
两个板，一个600804，一个中亦科技[鼓掌][鼓掌][鼓掌],06-14 05:45
现在是智者散户都选择离场，因为t+1斗不过量化t+0,06-14 05:45
下周大盘必破3000，直接击穿，熊市要来了。,06-14 05:43
时隔多日又打响了3000点保卫战,06-14 05:43
本质,06-14 05:42
中国经济GDP一路狂飙，为啥老百姓攒钱却难如登天？（全面剖析）,06-14 05:42
操作：加仓！加仓！大动作加仓！勒紧裤腰带继续冲，速度要快！,06-14 01:46
两坨一起能激起什么尿花#航母型券商呼之欲出？海通证券大涨#,06-14 05:41
突发！特斯拉官宣涨价，影响有多大？,06-14 11:15
收评|彻底爆了！A股直拉！,06-14 03:07
证券混不下去了，再换个马甲好坑人！#航母型券商呼之欲出？海通证券大涨#,06-14 04:27
上证指数大盘观点，今天结束一周的交易大盘指数也正好来到3000点整数关口，指数从,06-14 04:45
明天马上跌#航母型券商呼之欲出？海通证券大涨#,06-14 05:25
"怎么回事,午后开盘十分钟，券商突然发力，以88度的倾角，直线上攻，到底有什么利好",06-14 05:01
本来应该继续收跌，却偏偏收红，之后恐不堪设想？？？,06-14 05:21
厉害#钮文新：要为正能量注入股市提供空间#,06-14 05:21
不要被药明康德主力骗了，业内人士说危机仍未解除！,06-13 01:50
科技股的春天来了,06-14 11:03
收盘,06-14 05:14
跌了好久，出个小作文刺激一下#航母型券商呼之欲出？海通证券大涨#,06-14 04:51
7股连续28跌停，首例“市值退市”股票锁定,06-14 12:37
我今天亏钱[哭],06-14 05:00
老乡别走，A股牛市来了,06-14 05:11
A股重大拐点信号来了？下周还要继续涨？,06-14 03:14
大盘今天还是横盘一天，这不算好走势，反弹无力，下次打分就是再新低，各位做好再冲击,06-13 04:03
大盘有没有持续性还得看证券和地产能不能带领三五天～～～～～,06-14 05:07
$上证指数(SH000001)$,06-14 03:45
五日线都站不上，弱,06-14 05:02
我有个小小的建议，建议休市一年，一年后复市，如果再这样绵绵阴跌，再休市2年，这样,06-14 01:12
下周开始小盘超跌科技股有绝好的抄底盈利机会！,06-14 04:59
只不过券商下午护盘而已，就传出这样的小作文#航母型券商呼之欲出？海通证券大涨#,06-14 04:58
下午拉盘，下个星期还要跌，估计到2800点,06-14 03:49
抄底的机会来了，这个方向有望开启真正的大涨行情！,06-14 01:44
主力为什么天天出逃,06-14 04:53
财通证券才是低调的航母级券商#航母型券商呼之欲出？海通证券大涨#,06-14 04:52
券商爆拉，大A护盘手！不能指望券商啊，这班人干的出什么好事？？？,06-14 01:38
【险资扫货稳健增长股！】,06-14 10:54
久违的上涨放量，半仓杀入！,06-14 03:39
久违的上涨放量，半仓杀入！,06-14 03:39
3200没等到硬是扛到了3000我真是个天才,06-14 10:53
交易机会是等来，就是看你怎么把握，意念等于一合二，意识决定形，,06-14 04:45
中泰证券看看多垃圾#航母型券商呼之欲出？海通证券大涨#,06-14 04:45
2024.0611-0614上证周二延续跌势收锤头线，随后几日未能快速修复，周五,06-14 04:44
2024年6月14日，十1663。,06-14 03:36
6月14日股市收评：指数V转放量收涨！下周或重拾升势,06-14 03:39
上证指数,06-14 04:38
建议量化基建公布持仓,06-14 04:36
A股周五收评：本周预判全对！做好准备，下周确定摔杯！,06-14 04:34
老胡昨天赚2134元，居然在最高点卖出了工业富联？,06-14 07:35
收市盘点：半导体、消费电子走强，资金倾向科技股？,06-14 04:34
午评：又见3000点争夺战，3000点守得住吗？老手谈4点,06-14 12:48
老大谢谢您给我分析的这么清晰。感恩一路上有您[抱拳][抱拳][献花][献花][爱,06-14 04:31
本周战斗正式结束，期待下周行情见底，做好冲锋准备#航母型券商呼之欲出？海通证券大,06-14 04:30
开盘前瞻：“科特股”哑火，又是一日游？,06-14 04:30
2024年06月14日大盘总结（预测失准）及06月17日大盘预测,06-14 04:28
大盘调整接近尾声，新一轮涨势即将来临！,06-13 06:59
有病，假消息炒，真消息的不炒奇形怪状的的理念。#航母型券商呼之欲出？海通证券大涨,06-14 04:27
内外双杀,06-14 03:12
日周双破先当反弹看了，也走左侧箱体振荡,06-14 04:26
市场有中特估、科特估、创特估,06-14 04:25
指数没动，股票比2800点还低了,06-14 04:17
2024年6月13号复盘及个股走势预测,06-13 04:12
今天又检查到了高频量化，不断压盘砸盘，建议举报严查到底量化恶心。,06-14 02:56
$上证指数(SH000001)$,06-14 04:20
那位股友知道怎么转融通出借股的，就是想借100个可以去借吗,06-14 09:52
今天全仓杠杆干！感觉要起飞了奥利给！[上涨],06-14 04:17
资金今年都跑了2万6千亿了，不要心存侥幸跟幻想了，清仓保命吧[呲牙][呲牙][呲,06-14 02:48
必须涨，说过好多遍了。,06-14 03:55
中远海控的调整还没有结束，得继续等！,06-14 07:45
最后放量砸了一个点,06-14 04:14
经过指数这么一折腾，周五放量600亿了，距离8000亿越来越近。市场终于有所活跃,06-14 04:14
周五刚收盘，连续预判准确，又来证券重组预期？下周a股市场怎么走？,06-14 04:13
对人类来说大脑天生是趋向于商增的而人类的学习是逆商增的这就是人天生会懒的原因,06-14 01:55
正丹股份：高位就要谨慎，防止成为接盘侠,06-14 08:28
成交量放大下周起开始数钱,06-14 04:11
都在赌周末利好消息,06-14 04:11
#航母型券商呼之欲出？海通证券大涨#常长亭今日观点：市场在近期受【问题股】处罚及,06-14 03:05
暴涨12点儿,06-14 04:10
上线首帖，天人合一，等待验证,06-14 04:10
我悟了！投资想要有好的收益，就得......,06-13 01:35
主力什么时候能不跑了才是真的稳。,06-14 04:08
怪不得不让人看北向资金实时流向了,06-14 04:08
大盘没有站上五日线，下周还不好说。,06-14 04:08
继续寻底,06-13 04:11
今天的盘面还挺有意思的，早盘开局不好，但跌停数量很少，那今天情绪还没差到极致，后,06-14 03:10
有谁知道银泰黄金怎么回事,06-14 03:49
建仓中[强壮],06-14 01:22
还放量了。,06-14 04:05
纳指科技ETF一直在赚钱！搜索159509直接买就行了，长线！,06-14 09:41
今天市场再度回踩3015我给的第一道关口，再次拉起来，预测的没问题，依旧是大金融,06-14 03:52
指数猛涨，个股纹丝不动绿的,06-14 02:42
该卖吗？感觉天天这样涨不踏实[龙头],06-14 03:56
午评：今天周五的结局早已注定！盘中种种迹象表明，接下来只能这样走,06-14 11:40
好长时间没玩了，以看盘手就刺挠，现在7.52买了佳士二分之一的仓看看能挣点碎银子,06-13 10:46
各地成立的税警联合作战中心，你以为是为谁成立的？？？你们说，谁才是真正的敌人？？,06-14 03:54
3015底,06-11 10:17
券商什么小作文？#航母型券商呼之欲出？海通证券大涨#,06-14 03:57
那位股友回答一下，这行情谁砸的盘,06-14 01:58
炒股三年，天天想着回本,06-14 03:36
7分钟牛市，丢人不,06-14 01:57
A股：收评,06-14 03:28
有10万亿市值？，那还是没有我们城投欠的多#美股三巨头总市值逼近10万亿美元#,06-14 03:50
保2900啊,06-14 03:49
下周会不会破3000，保3900呢，请教一下,06-14 03:48
怎么现在大校那么消停啊？那头牛有没有找到呀？,06-14 03:48
远离证券,06-14 01:35
来不及等收盘了，三大指数集体翻红，今天的预判再次全对！接下来的市场已经没有悬念，,06-14 03:46
哈哈哈哈哈哈哈哈哈哈#航母型券商呼之欲出？海通证券大涨#,06-14 03:45
个股亏这么惨，大盘还是这么坚挺,06-14 03:44
模拟图基本一样，先跌后涨，高低点也符合。#钮文新：要为正能量注入股市提供空间#,06-14 03:44
模拟图基本一样，先跌后涨，高低点也符合。#航母型券商呼之欲出？海通证券大涨#,06-14 03:43
6月14日收盘点评,06-14 03:27
6万价投Day50，炒股的尽头是什么,06-14 03:42
20W梭哈锦州港，券商卡住了没买到，现在跌停还要不要进？,06-14 11:19
不必等收盘，今天周五的结局早已注定！盘中种种迹象表明，接下来只能这样走。废话半句,06-14 11:59
模拟图基本一样，先跌后涨，高低点也符合。#钮文新：要为正能量注入股市提供空间#,06-14 03:44
模拟图基本一样，先跌后涨，高低点也符合。#航母型券商呼之欲出？海通证券大涨#,06-14 03:43
6月14日收盘点评,06-14 03:27
6万价投Day50，炒股的尽头是什么,06-14 03:42
20W梭哈锦州港，券商卡住了没买到，现在跌停还要不要进？,06-14 11:19
不必等收盘，今天周五的结局早已注定！盘中种种迹象表明，接下来只能这样走。废话半句,06-14 11:59
市场大变，今日继续加这个,06-14 01:48
盈亏：一1900，市值：0。,06-13 03:15
这大盘是咋了？,06-14 10:40
不合适哈#航母型券商呼之欲出？海通证券大涨#,06-14 03:39
强烈建议取消面值退市,06-14 01:28
上证50已经起来了，上证指数不可能就只涨0.12%，下周绝对补涨，梭哈,06-14 03:36
牛市来了,06-14 03:36
什么情况？涨了371点。,06-14 03:35
#航母型券商呼之欲出？海通证券大涨#,06-14 03:35
下周启动，,06-14 03:34
看MACD、KDJ，下周大盘可能会好转。至少希望它好转吧。,06-14 03:33
正丹股份十倍创新高，接下来会是哪只票？,06-14 08:11
午后大反转！,06-14 11:31
量化连毛票都不放过,06-14 11:50
不玩了，资金都转回卡里了，先买点理财吃利息。现在调整行情不能进，有反弹也是勾引人,06-14 10:10
古寺新报告巜供销舍作社》三夏定粮仓,06-14 02:20
【收盘快评】原来正丹才是压在市场头顶上最大的石头啊！这不昨天正丹大跌，当天开始成,06-14 03:32
证券被动拉升，今天不拉肯定破3000,06-14 03:31
大盘近期会有一个急跌大概率在3000点左右，也就是说60分钟再做个底到时可加仓做,06-14 08:56
我不玩了，是我错了，把钱还我吧,06-14 01:05
不破3000誓不还,06-14 01:07
扯淡的#航母型券商呼之欲出？海通证券大涨#,06-14 03:30
今日按预测的3000-3013找到一个阶段低点，下周得尽快回到3050之上，而后,06-14 03:29
暴涨3.71点,06-14 03:29
人市11年，只做短线，穿越牛熊，目前持仓盈亏“五十万”，不强行打板，不做没有把握的交易,06-14 03:29
必须破位，要不然对不起这些股民！,06-14 01:09
指出都是越涨越多唯独A股越涨越少。,06-14 03:29
硬挺啊！,06-14 03:29
还让活吗,06-14 01:08
摊牌了吗？哈哈,06-14 01:06
A股又多了一个伤心的人。,06-14 03:29
一天到晚的打压和砸盘，这叫啥事啊？？？？？？？？？？？？？？,06-14 03:28
有个小反弹，但是我还是不想参与,06-11 11:41
白酒跨啦，三千点这次大概率破了,06-14 01:04
v上去,06-14 01:05
3000点是短期沪指面临的重要支撑，关键位置的支撑再加上成交量的持续放大，这无疑,06-14 03:28
羡慕别人的盈利并且试图模仿,06-14 03:27
周一3060有希望,06-14 03:22
这回没有3000点保卫战了吧？,06-14 12:49
开盘好上格局了一分钟跑路，竞价完直接上了康强东晶，康强得检讨了本来模式要等到11,06-14 03:26
今天放量了周一有戏,06-14 03:25
下周继续3000点保卫战。,06-14 03:25
银行券商保险都拉了涨了0.12明天懂得都懂,06-14 03:25
3000点必破，再探近期低点支撑力度，九月中央会议之前，大盘就是这样。创新低的个,06-14 03:25
自从恢复转融通，沪市+深市，主力连续两个半月不中断净流出。日均净流出200+亿，,06-14 03:24
洗走一个不稳定的方新侠，你以为中远海控仅限于此？,06-14 08:00
还是温水煮青蛙的节奏。跌多涨少啊！,06-14 03:23
然后君会发现市场上似乎有一双眼睛紧盯着自己！因为自己一买就亏，一卖就涨！好像就是,06-14 03:23
每一次上涨都是逃命的机会，上边又套一批，年前的都没解套呢，大盘每天资金都在跑，还,06-14 03:08
别涨，3000点以下我还想多买点呢？[愉快],06-14 03:23
现在炒股有啥子技术，纯粹就是瞎猫碰到死耗子唉,06-14 03:18
看分时图，最后一秒种，就卖了120亿？,06-14 03:09
可乐为茅台发声,06-14 03:21
A古小跌，半导体回调，但是我却看到更大的,06-14 11:30
3000不破，没人来抬,06-14 03:21
这是不跌破3000点，都不可能上涨的节奏了，,06-14 12:19
2024.06.14加仓四成 博明日反弹,06-13 03:31
所有散户团结起来炒一家股票才可以！大家推举一家股票。,06-14 11:44
40挑战400,06-14 03:20
不得了！今天A股竟然再次出现下跌，恐怕马上要出现大跌了，原因是这样的。,06-14 02:00
简单说说庄股的特性，炒股n年，跟踪过好几只票，其中还不乏庄股，总结下庄股的几个特,06-14 07:11
50万入市全职做短线第367天，目前262W～,06-12 03:37
对中短线而言，市场不怕不涨，就怕没有信仰！本来看好大盘股，但一见风吹草动，赶紧割,06-14 03:18
科创板真的要降低门槛了吗？,06-13 11:49
今出现了让人激动的一幕，市场探底回升,06-14 03:17
369,06-14 03:17
大盘涨三个点都是大涨趋势，这么牛。[捂脸],06-14 03:17
什么情况？A股全线下跌！原因找到了！,06-14 10:47
A股真正赚钱的机会都是超跌，暴跌之后的反弹行情，至于长线就别扯了，中国最好的科技,06-14 10:30
半导体一枝独秀，大盘加速赶底，接下来的炒作思路有了吗？,06-11 06:49
中国黄金召开业绩说明会：未来将开设更多标杆店面 积极实施国际化战略,06-14 02:06
电力报团股松动了，回流科技.今天市场活跃度就好了，,06-14 03:12
"""A股3000点风云变幻，人工智能与新半军产业引领市场新趋势""",06-13 01:28
大盘今天可以说是探底拉升，最低下探到3011点，收盘红盘拉回来，成交量也上来了，,06-14 03:12
放量了 放量了,06-14 03:12
我就想问问时间的朋友，不腰斩，怎么叫时间的朋友？？？,06-14 03:03
盘前全是利好。盘中全是下跌。盘后股民一脸懵逼。,06-14 03:12
我个人加仓过周末,06-14 02:53
情况紧急！A股突然全线拉升！原因找到了！,06-14 02:29
$上证指数(SH000001)$,06-14 03:11
指数回来了，个股成狗了！,06-14 03:03
今天这么多人抄底，下周一会不会全部被闷杀？,06-14 03:02
今天下午是最激动人心的时刻，全体红盘，只有一个绿盘，下周坚定看多。,06-14 03:09
上证指数进入反弹周期,06-14 03:09
别在用指数害人啦,06-14 03:09
今天不是券商护盘，大盘就还绿了，靠护盘走不远,06-14 03:09
海通证券是不是之前那个帮人家公司上市，那个公司把人坑惨了，证券公司收那么多钱，却,06-14 03:09
试着买了两只股票，一支是绿的，另一支也是绿的,06-14 02:59
#投资学习#[爱心]投资，能把别人的经验和教训转化为自身的经验和教训或借鉴或引以,06-10 12:11
第六回合，卖300416.进600487-市场弱势区，快进快出，没有中线机会。,06-14 03:08
护盘而已……#航母型券商呼之欲出？海通证券大涨#,06-14 03:08
芯片，半导体，跌了！但是CPO概念和通信设备起来了电风扇谁追谁完蛋保险，银行，拉,06-14 10:34
五分钱玩一天。[兴奋][兴奋][兴奋][兴奋][兴奋][兴奋][兴奋],06-14 03:07
上证2400只票，才10个涨停 ，咋玩,06-14 03:07
生活里缝缝补补，股市里挥金如土,06-14 03:07
#钮文新：要为正能量注入股市提供空间#大小资金都被量化割，拉一点就割，割多了你还,06-14 11:49
涨3.71，数字不好还没有跌透,06-14 03:06
每一次上涨都是逃命的机会，上边又套一批，年前的都没解套呢，大盘每天资金都在跑，还,06-14 03:06
拉地产套一波，在拉证劵套一波，周一直接杀，哈哈哈哈哈,06-14 03:06
今天A股走势十分的奇怪，恐怕有大事要发生了，马上告诉给所有人，请看。,06-13 05:49
股票走势,06-14 03:06
上证06.13走势复盘及近日走势预测2024年06月13日21:52福建一、20,06-14 03:05
每个敢于在证券方面发言的人，都必须有持股买卖，否则都是嘴上空炮#钮文新：要为正能,06-14 03:05
大盘 3000 保卫战下，最大风险在哪？,06-14 09:08
券商跑得最快#航母型券商呼之欲出？海通证券大涨#,06-14 03:05
尾盘竞价是什么情况？，这么大力度的砸盘,06-14 03:05
用了全力拉茅台，拉石油，拉证券，拉银行，拉各种大象，结果是大盘怒涨0.12%，但,06-14 03:04
大盘反弹红了，个股反弹绿了，从早盘赚2个点，收盘亏了5个点，半个月就红了2天,06-14 03:04
今日大盘低开高走，不过还是个小弱横盘。区问3010--3050左右，若到3010,06-14 09:29
3000点必须保住不然无法交代,06-14 03:03
$上证指数(SH000001)$,06-14 10:52
100万实盘丨科技涨涨涨！加仓还是离场？少然这样操作！,06-14 01:58
大反攻开始了吗,06-14 01:56
又是耍流氓的一天,06-14 03:01
说了今日反弹，下周初还会继续，拿好筹码，会轮动没有涨的板块！,06-14 02:41
磨人心性,06-13 11:46
应该止跌了,06-14 03:00
再不乱搞了，妥妥的第一天10个点玩拉稀，还好这两天回来了，现在轻仓玩玩吧,06-13 03:27
季线分型结构，这里有国际资本博弈的痕迹…,06-14 02:50
中信不整合没谁会先行！#航母型券商呼之欲出？海通证券大涨#,06-14 03:00
赔偿制度#钮文新：要为正能量注入股市提供空间#,06-14 03:00
【尾盘解析】前面连续三天半其实都是情绪强于指数，直到昨天下午开始是指数强于情绪，,06-14 02:59
下周接着跌,06-14 02:59
不要怕，继续持有，看涨,06-14 02:59
操作：重仓芯片吃大肉！大动作，大动作加仓！速度要快，发车啦！,06-13 01:15
这玩意怎么办？为什么板块轮动总是轮不到我的票？真的有散户监控吧，精准定位。,06-14 01:27
周五兑现为主,06-14 02:58
银行利差下行，拉银行板块的逻辑是什么？,06-14 02:20
周期越长趋势性越强,06-14 02:58
下周上证会反弹到3080附近哦。,06-14 02:37
#钮文新：要为正能量注入股市提供空间#,06-14 02:57
好恶心,06-14 02:57
这个月如果能守住3000点，那年底就有机会冲击3110点,06-14 11:27
好不容易涨了，能不能让我的票多涨涨，就涨这么一丢丢,06-14 02:56
尾盘拉升下周暴跌,06-14 02:56
A股重大转折信号！告诉一个好消息，明天将要大涨了？,06-13 03:13
个股不出现大跌不会上涨的,06-14 02:43
市面冰箱压缩机，四台中就有一台是长虹压缩机。,06-14 02:56
这个数值有效吗？3011.58,06-14 02:56
我敢赌一块钱的，今天北向绝对是流入的,06-14 02:49
靠券商硬生生拉红，唉,06-14 02:40
转债那点儿事,06-11 11:42
放量翻红，洗盘结束，下周稳了,06-14 02:55
钮同学先开个户炒一炒再来发言#钮文新：要为正能量注入股市提供空间#,06-14 02:54
我还空仓那，是不是要买进了，,06-14 02:54
周末有利好买啊,06-14 02:54
高开预期-权重超跌修复段。,06-13 02:59
六月比一月份还亏得惨,06-14 02:53
调整完毕下周开启牛市暴涨,06-14 02:40
大涨三个多点！,06-14 02:52
什么也不买，就不亏。,06-14 02:52
大盘会涨吗？,06-14 12:05
远离股市，不是小散玩的,06-14 01:40
拉证券保险，第二天必大跌,06-14 01:40
看到没说大盘红他就红我是胡说八道的不要相信我[撇嘴][撇嘴],06-14 01:40
圣手6.13超跌大涨，能有延续性吗？,06-13 11:25
光模块市场将实现惊人的45%同比增长，CPO实火还是虚火？,06-14 01:40
销户是最好的解决方法。,06-14 01:40
我30多年股龄了。今日清仓了。休息,06-14 01:40
老乡，别走，又来！,06-14 01:39
3000点一破，可卖房子了.,06-14 10:41
下午暴力,06-14 01:38
今日大势预测20240613BAABA短线密切关注上证综指3030点！,06-13 07:07
宁王止跌了。就看宁王和车王迪王能否共振向上了。谁先上去，谁就能承接白酒里出来的超,06-14 01:29
牛来了？[牛][韭菜][韭菜][韭菜][韭菜],06-14 01:38
硬拉，让那些等着破三千的傻眼。,06-14 01:38
大盘调整结束！大胆纳入！[大笑][大笑][大笑],06-14 01:37
你大爷,06-14 01:37
3000点现在并不是个心理关口了，吹弹可破的,06-14 01:36
再站不住就真破3000了，又要保卫了么,06-14 01:36
看看这分时图妥妥的量化资金在干活[滴汗][滴汗][滴汗],06-14 01:36
电池,06-14 01:36
京东方A：6月12日接受机构调研，富国基金、中信证券参与,06-14 12:21
银行，保险，矿产，石油给我轮流拉，只要每天保持不破3000就行了,06-14 01:25
这种救市等于在帮主力诱多,06-14 01:35
不到2999不出手,06-14 01:35
每一波上涨都是为了更舒服的下杀吗？[捂脸][捂脸][捂脸],06-14 01:34
下周必踩半年线,06-14 01:34
打爆空头,06-14 01:34
把钱还我，我不玩了,06-14 01:34
拉证券了，快跑,06-14 01:33
艺术大饼，跟宁德时代有啥关系，前段时间不是进入m市场受阻吗？大盘这样也不像能拉宁,06-14 12:26
大家看看，暂停禁止量化交易！量化就是游戏外挂,06-10 09:45
反复诱多,06-14 01:23
现在拉指数的这帮人就是前阵子一直砸盘的人。同一批人两边换着割。,06-14 01:32
自拉自唱,06-14 01:31
没诚意,06-14 01:31
2024年6月12号复盘及个股走势预测,06-12 03:48
来来回回，这几个点数起码还能割几百亿而已,06-14 01:21
即将开启龙年翻倍行情，来吧宝贝们！[看多][上涨][主力][买入][发财],06-14 01:31
指数和个股有点割裂。,06-14 01:31
这次没有恐慌线就会直接反转向上,06-14 01:31
神经啊，就不能破了再拉？想着尾盘再买点玩玩的，这就起来了，每次都是差点不破[囧],06-14 01:30
4000点马上到了,06-14 10:43
就算红，也是亏，,06-14 01:30
做不了这种走势，根本换不了手...不放量,06-14 01:30
下,06-14 01:30
赶紧跑了,06-14 01:30
拉起来被量化砸下去,06-14 01:30
还有半个小时跳水,06-14 01:30
量化做空又不能做太深，慢慢跌又得不到筹码，你说尴尬不尴尬,06-14 01:30
拉证券，看来周末有利好消息，周一直接低开低走,06-14 01:30
券商拉了,06-14 01:29
拉券商了啊,06-14 01:29
又拉证券,06-14 01:29
坚守高股息可能是以不变应万变的“上策”？,06-14 01:29
跌了那么多天了，能不能争口气啊,06-14 01:28
是不是量化被限制了，就没有什么成交量了！,06-14 01:17
大股东每年购买违法违规退市赔偿回购保险，促使保险公司介入，可以保证调查公平性，会,06-14 01:12
护盘只会加速下面,06-14 01:28
每天这样走，有意思吗。,06-14 01:28
起飞,06-14 12:50
想问下光伏属于哪个指数，是不是哪个跌跟哪个,06-14 01:09
量化继续,06-14 01:28
还是证券好用啊,06-14 01:27
日线顶部已形成，接下来要迎接暴跌了,06-14 10:40
别慌技术调整,06-14 01:11
别装了,06-14 01:26
拉起来再砸下去，反复三次了。够狠,06-14 01:26
兄弟们坚持住，别当真,06-14 01:26
简直在开玩笑，两次想红盘被硬生生按下去，针对性极强,06-14 01:26
又是三千点保卫战,06-14 01:25
啥玩意？,06-14 01:25
哈哈上午拉高又套一批,06-14 01:08
又要回到3000点？！为什么对3000点依依不舍，返复回望？,06-14 10:43
又到三千点保卫战了,06-14 01:25
大牛市来了！上！,06-14 01:25
6.14：周五午后，A股主要任务是走出企稳信号,06-14 01:14
3000点玩三个月，3100现了三个月，再玩玩就过年了,06-14 01:06
这里拉一波都要跑的为，谁来拉呢,06-14 01:25
开始拉指数了，个股准备开跌,06-14 01:25
开启赚钱模式[上涨][上涨][上涨][上涨][上涨][上涨][上涨][上涨],06-14 01:25
每天跌，不遮不盖的，这不怕影响,06-14 01:06
跌吧！尽情的跌吧,06-14 01:06
就今天这个架势，难道要奔三千点去了？,06-14 01:06
只有销户才能有活路,06-14 01:05
赶紧把3010先破了。看得我急得很,06-14 01:05
只配3000点没得涨,06-14 01:05
反弹之前，一定会出现连续大阴线,06-14 11:41
2984上一个反弹点,06-14 01:04
如果都不能融券做空，还会跌吗，散户都只能涨才赚钱,06-14 01:04
3013不破，确定阶段性底部！冲高3045那就放心大胆吃货吧！6月继续冲击320,06-14 01:04
赔偿回购，有问题股票都得回收回去，大股东违法成本太低，增加退市赔偿回购保险(大股,06-14 01:03
两大难题，存量资金回流，增量资金入市,06-14 12:41
太伟大了,06-14 01:03
三千保卫战开始了,06-14 01:03
赶紧撤吧，这波估计要到2600点,06-14 01:03
天天流出，哪来那么多流出,06-14 01:03
国内机构一直都是股市的中流砥柱，跑路先锋。,06-14 01:03
算了，我还是怕了，一键清仓,06-14 01:03
量化玩耍,06-14 01:02
等待收盘前成份股调整带来的竞价拉升,06-14 01:02
3000点保卫战又来了，欲哭无泪。想想就想笑,06-14 01:02
下午不拉我倒立洗头，下不去就得上来,06-14 12:44
大盘再次靠近3000点，大部人都会在这个点等待，在跌破之前就不会入场，3000点,06-14 01:02
今天看点：三千破了还能不能回来,06-14 01:02
完了,06-14 01:02
为什么普通人挣点钱那么难,06-14 01:02
……,06-14 01:02
直线跳水开始,06-14 01:02
不,06-14 01:01
永远的3000点拉锯战,06-14 01:01
如果地产回落有破3000可能，注意风险,06-14 01:01
涨的时候不痛不痒不赚钱跌的时候真疼,06-14 01:01
这个月我的光模块涨了20%多，大盘大跌我的股逆风上涨，今年爽歪歪，搞完这波行情就,06-14 01:01
资金去了房地产，电力板块，追,06-14 01:01
咦，怎么没有文章了？以前不都是有文章，然后大家在底下评论吗#钮文新：要为正能量注,06-14 01:01
下周3000点了,06-14 01:01
这波2800兜不住,06-14 01:01
收盘3051，下周继续！,06-14 12:46
屁话#钮文新：要为正能量注入股市提供空间#,06-14 01:00
大盘又稳了，中午吃饭，领导说下午拉中石油,06-14 12:47
下午破3000点。。,06-14 12:59
2970抄底，干就完了,06-14 12:59
量化，融券不除永无牛市#钮文新：要为正能量注入股市提供空间#,06-14 12:59
一个618电商把黄牛搞懵，把股价干崩，把大盘带进坑！[捂脸][捂脸][捂脸][捂,06-14 12:58
下午破3000,06-14 12:58
乖乖，你又跌了？,06-14 12:58
单凭茅子这么狠砸，大盘起来很难！,06-14 10:21
11点15谁在砸？,06-14 12:39
又到了3000保卫战[捂脸][捂脸][捂脸],06-14 12:09
美元指数又是拉升了，是不是下午又要跌惨你了！请别看指数，要看疗效,06-14 12:57
上证指数还没有企稳，仔细看45度角向下。[摊手][摊手][摊手][吃瓜][吃瓜],06-14 12:56
立即禁止转融通，再没有机构建设方面实现独立定价和价格发现能力前暂停量化基金！#钮,06-14 12:56
最后的离场机会，散了吧！,06-14 12:55
主力一直流出来，里面剩下散户套牢[笑哭][笑哭][笑哭],06-14 12:55
后面都是雨[上涨][上涨][上涨][上涨],06-14 12:54
要破3000了。,06-14 12:52
和OpenAI合作，苹果一分钱不掏，符合我对库克供应链管理艺术大师的印象。#美股,06-14 12:52
别玩了留点钱去买欧洲杯不香麦[想一下],06-14 12:51
已经结束咧,06-14 12:51
探寻宝藏策略：论红利策略的持久性分析,06-13 05:46
大盘疲软，媒体必须发掘一些十年十倍二十年50倍三十年百倍的励志故事，来鼓舞士气,06-14 12:21
分红除息就是离谱，发现认可除息的人群就2个观点：第一种是股票分红了，资产减少了，,06-14 12:12
业绩成本太低#钮文新：要为正能量注入股市提供空间#,06-14 12:49
3000点保卫战开始了吗,06-14 12:48
跌跌无休，都亏了谁赚了？,06-14 12:48
这些天天流出，玩个13,06-14 12:27
周线四连阴，这合适吗？,06-14 12:47
现在真是不破不立了，也别护盘了，痛痛快快跌下去才能有人割肉有人抄底,06-14 11:05
雨？停了吗？又到周末了…篼阴的老尸在唱空F地惨，说今天地惨药跌2%以上。篼阴让我,06-14 06:54
我手里的票比2600的时候都低,06-14 10:26
接下来怎么玩,06-14 12:38
又创新高了,06-14 12:45
根据我多年经验…耐心耐心…当是自身持有股今日有跌停或者加速八个点跌幅的可以开始观,06-14 12:44
股市必须进行革命性的改革才有希望。#钮文新：要为正能量注入股市提供空间#,06-14 10:33
【盘面解析】工业富联现在成了大小切换的总开关了，大家可以看看，6月7日工业富联大,06-14 10:22
交银黄金加这策略算是给我吃了颗定心丸,06-14 12:43
预测会去2700那里构筑双底,06-14 12:42
早上大A走势，让我惊喜不已，你们知道为什么吗？,06-14 12:21
销量向好叠加催化不断，锂电望迎盈利估值双修复,06-13 05:14
玩的人真的越来越少了,06-13 10:44
3000点保卫战又来了,06-14 10:13
今天拉高到3069左右,06-14 10:13
股市，作为没有硝烟的全球前沿阵地，各方资金政策在此激烈角逐。然而，内资缺乏忧患意,06-14 10:13
让股民赚点钱就那点房子根本就不够卖！,06-14 10:13
又是拉指数的一天，哎,06-14 10:12
小爱同学接入豆包大模型，中概互联ETF(513220)盘中上涨0.32%,06-14 10:12
#3000点保卫战又打响？底部在哪？#,06-14 10:12
科创板开板五周年，总市值超5.5万亿，何时才能成为“国产纳斯达克”？,06-14 10:01
钮文新是干啥的？如果只是网红就算了，还是让我们安安静静的去亏吧。#钮文新：要为正,06-14 08:30
大家发现没有，自从不显示北向资金流入情况，大盘主力资金每天都是净流出的，没有一天,06-14 09:58
#【有奖】听说你有财富梦？来金融挑战赛battle一下#蹲个同学一起参赛#钮文新,06-14 10:12
永远跌跌不休！！！！,06-14 10:12
外围：中国股市底部特征已现,06-14 10:11
今天拉大高，小心站不稳,06-14 10:11
大盘一上一下，个股跌的更多更狠了,06-14 10:11
！,06-14 10:11
考验2900,06-14 10:11
取消量化交易和转融通，股市才会好转，机构可以做空，可以用机器人收购散户。谁还会相,06-14 06:58
为散户想想，都在亏钱，谁还要投资#钮文新：要为正能量注入股市提供空间#,06-14 10:11
好，坚决出清害群之马，彻底的解决胡乱炒作之风，让真正有价值有成长的企业发展壮大，,06-14 10:10
10点了可以开始砸了,06-14 10:10
锂矿无用论[得意],06-14 10:10
我在3000点以下等你！,06-14 10:10
好心人帮忙一下怎么关闭这个广告？,06-14 10:10
你快别反弹了，每次都这样，跌不到位就反弹，跌不到位就反弹，你知道对股民的伤害有多,06-14 09:58
股票之所以有支撑位的原因,06-13 08:41
完全不给逃的机会,06-14 10:09
$上证指数(SH000001)$,06-14 09:37
今天大盘又一次找爹去了,06-14 10:00
大盘回撤5%，我的7个股票都下跌了30%,06-14 10:09
见底拉升大牛市了,06-14 09:39
转发,06-14 10:09
电力是民生和经济的第一生产力→国家队押宝→投入电力和家电是最正确的一环。。后面将,06-14 10:09
转融通数据新高，各位韭菜想什么呢？,06-14 10:08
在注入资金跟禁止做空之间，他选择了注入正能量[大笑]#钮文新：要为正能量注入股市,06-14 10:08
"洗盘结束,牛市暴力拉升",06-14 09:49
就问问大伙儿，现在你们敢跟家人同事说自己在大A炒股吗？？[大笑][大笑][大笑],06-14 09:55
剔除高频量化，融资融券，物以稀为贵才能涨，股票太容易到手，拿来就是做空#钮文新：,06-14 10:07
3045今天冲起来，后面才有机会上3070,06-14 10:07
早盘抄底没毛病，今天又开始拉指数了，这就是维稳的信号，必然不会下行，坐等收米了[,06-14 10:06
重新立法，依法行事，法不容情！#钮文新：要为正能量注入股市提供空间#,06-14 10:06
高股息的煤炭板块(潞安、兖矿能源H、华阳等等)没人要？偏要那些看不到讲故的拉机票,06-14 10:06
放弃恐惧，低位出手,06-14 10:06
一周又混过去了,06-14 10:06
三千点这位置不怕放心买,06-14 10:05
……,06-14 10:05
重新理解一下，这是很牛的市场，简称牛市,06-14 10:05
3000来一波,06-14 10:04
老衲是长红玩长线，你是长跌都在玩日线，电风扇行情，今天买明天割肉，以前还把韭菜养,06-14 10:04
跌了一周，可以啊！,06-14 10:04
今天要成黑色星期五了,06-14 10:03
这几年的市场情况就是：主力资金不断流出，散户不断加仓买入被套,06-14 10:03
又要跌破3000点了，大家还是早点清仓,06-14 10:03
6月14日A股策略：周五有新低风险！将再现维稳大招！下周可抄底？,06-13 10:36
等你到2800再说,06-14 10:03
中国的医药以后显而易见的是一个有巨大规模的市场，可我们的医药行业却在被各种打压，,06-14 10:03
就这个故事，还有多少人在玩？,06-14 10:03
赚10块早餐，下班，快拉[微笑],06-14 10:03
一天的走势半小时就完了剩下的全是跌。,06-14 10:03
现在就是历史大底，相信祖国的力量！,06-14 10:02
下来吧，乖孩子。你老子我期权买的沽，空单,06-14 10:02
速度下来了我都割肉了,06-14 10:02
$上证指数(SH000001)$,06-14 10:02
抓紧时间卖股销户时间不多了,06-14 10:02
不用挣扎了，3000必破,06-14 10:02
证券不领涨？谁敢跟进？？？大盘怎么会涨？？？,06-14 10:02
量化拉一下就套人的节奏，跑吧，不陪他们玩了,06-14 10:02
永远都是持仓里的票涨的最少，跌的最多，被监视了吧,06-14 10:01
量化又来了快跑，快跑！！,06-14 10:01
6月14日港股盘前必读,06-14 10:01
$上证指数(SH000001)$,06-14 10:01
3030就压盘,06-14 10:00
这内资是真有货啊，天天都在卖！,06-14 10:00
这波下来2900点不一定能保住！,06-14 10:00
不知不觉中一条史诗级战略性大牛主线已悄悄伏出水面！大基金。。。,06-14 09:11
政策不改！看了一圈没有赚钱效应，感觉现在进去要把根刨了。空仓，空仓！,06-14 10:00
[火箭]#钮文新：要为正能量注入股市提供空间#,06-14 10:00
内资天天出，真是害人,06-14 10:00
内资天天出，真是害人,06-14 10:00
又开始了,06-14 10:00
今日关注：电力、半导体、消费电子…,06-14 08:34
太恶心了,06-14 10:00
3019/2998/2977[围观],06-14 09:59
今天能来跟大绿棒不？,06-14 09:59
上证指数未来一年基本上都是震荡，区间大致在2930-3150，跌破2930就是机,06-14 09:59
太丢人了吧,06-14 09:59
这样下去会有很多人TL,06-14 09:59
金融三傻护大盘，创业板部护，今天没戏,06-14 09:58
3003不探，那么上去就上去吧！,06-14 09:58
过了不让卖的时间，就立马开始砸,06-14 09:58
我这么好的运气都不想玩了，大家怎样了？,06-14 09:58
内资每天都是净流出到底是怎么回事，没有人出来了解一下原因吗？,06-14 09:58
今天涨明天跌，今天跌明天涨，来回收割，保卫2980,06-14 09:58
今天收不住就破3000了,06-14 09:41
太恶心了，拉指数！！！,06-14 09:57
拉到十点准时跳水,06-14 09:57
量化标的只能是股票衍生品。#钮文新：要为正能量注入股市提供空间#,06-14 09:57
当日缺口以补，给我跌,06-14 09:57
起涨了,06-14 09:57
不就流出40多亿吗，至于跌这么多吗？,06-14 09:56
准备了1000W，今天抄底,06-14 09:55
你好像除了跌不会走其他的路线了,06-14 09:34
没业绩保障，护盘终究无功而返,06-14 09:54
照这样再折腾下去，日后将无法收拾。,06-14 09:54
没有更好的办法，所有散户不买不卖庄家失去对手盘，让子弹飞。,06-14 09:54
星期一到四跌，周五见红！,06-14 09:54
今天又是乌龟图,06-14 09:54
现在3030，目标3035到不到，到了小盘股也就拉一波，支棱起来啊！！加油给个机,06-14 09:54
量化交易是对股市最大的伤害！,06-14 09:54
不知主力手头攒了几个钱，一大早拉保险证券银行,06-14 09:54
如果没有强拉权重，这大盘指数不定能跌倒什么程度。,06-14 09:37
重磅利好，央行支持地方国企收购存量房，地产行业机会来了？,06-13 12:02
昨天说利好红了[撇嘴],06-14 09:53
太难了，又涨了。这里有个小反弹，后市继续看跌,06-14 09:53
钝刀子割肉。疼。,06-14 09:53
$上证指数(SH000001)$,06-14 09:52
对恶意退市，要坚决一查到底，决不姑息,06-14 09:39
来旅游旅游一波,06-14 09:52
今日最高点已到，马上开启跳水,06-14 09:52
击穿3000很容易。,06-14 09:39
3100点↑↑,06-14 09:51
一如既往的绿！！奈何？？亏亏亏……,06-14 09:51
今天中概股银行拉指数，科技股题材股熄火,06-14 09:51
牛市来了，老乡别走,06-14 09:51
反正永远跟不上能看到底牌的人，哪个板块散户追就跌，割了就涨,06-14 09:51
今天大阴线直接破3000,06-14 09:31
之前喊技术牛市的人去哪了,06-14 09:38
还没冲破3000点呀,06-14 09:50
得想办法参与美股了呀，这么下去谁遭得住啊,06-14 09:49
大a呢？,06-14 09:49
3000点保卫战，加把劲。尽量今天跌破。,06-14 09:49
连续三年，还没习惯吗,06-14 09:49
拉一下马上尿，快跑,06-14 09:49
中国医药何去何从。,06-14 09:49
捂好口袋，都静静的看券商表演，它今天收不出两个涨停，绝对不能抄底啊，兄弟们[偷笑,06-14 09:48
6月份必破2984。,06-11 01:21
打不过就加入一起空,06-14 09:48
拉指数吧,06-14 09:48
呀,06-14 09:48
银行证券保险疯狂接盘,06-14 09:48
再过一万年，看上证指数能不能摆脱三千点,06-14 09:47
今天，3000点保卫战，又要打响了[主力][主力][主力],06-14 09:34
今天成交额估计要突破6千亿,06-14 09:47
每天都是闭着眼睛亏。毫无悬念,06-14 09:47
又要假多，套一些，啧啧,06-14 09:47
三千点保卫战又打响了,06-14 09:47
保卫战打响，弟兄们没有希望了！撤吧！！！,06-14 09:38
到底是谁在卖啊,06-14 09:37
每天都是净流出啊！怎么回事？,06-14 09:47
各位大佬们000731四川美丰今天分红，这股还在跌，快去看看吧，,06-14 09:46
今天护指数，就不护中小盘了,06-14 09:46
大家都在等你下去，你就下去2千多吧,06-14 09:45
机构资金看的明白，所以一直抛，,06-14 09:45
【早盘点评】早盘开的其实比预期中的好些，毕竟协和没有直接一字跌停，正丹也是小幅低,06-14 09:45
这段时间，A股连续回撤，大家都在说量能萎缩了，市场情绪不好。但是在红茶的眼里，A,06-14 09:33
一共才这么点成交量。每天还那么多跑路的资金,06-14 09:45
3000点是不会破的，这是信仰，所以现在不是悲观时，是捡便宜的最佳时机,06-14 09:45
资金去了电力板块，追,06-14 09:45
资金去了电力板块，追,06-14 09:45
这是要破3000？,06-14 09:44
原来今天又是股指期货交割日[赞][赞][赞][赞][赞][赞][赞][赞][赞],06-14 09:44
天天都是绿油油，不把人当人,06-14 09:38
6月份来，天天这样,06-14 09:44
股指期货交割日又是空单。,06-14 09:44
拉半导体，突破五日线,06-14 09:44
又要拉指数跌个股了。内资又上百亿的流出。天天跑，没见流入过。无良媒体还忽悠鼓励长,06-14 09:44
不要吊指数，还不如痛快调整，吸引资金快速反转,06-14 09:44
唯一的变数,06-13 02:21
保卫战,06-14 09:43
天上不会掉馅饼,06-14 09:43
今天无论如何要破3000点,06-14 09:43
我的持仓都到上几个月2800时候的价格了，[摊手][摊手][摊手],06-14 09:43
来不及解释了，一个字，溜溜球,06-14 09:43
大盘3012起，年底3400,06-14 09:42
底部形态,06-14 09:42
3000能保住么？,06-14 09:42
3000点要守住[看多][看多][看多],06-14 09:42
不破三千是不可能的,06-14 09:42
破位了,06-14 09:42
开盘十分钟，主力流出超36亿，有点加速流出，今天可能会继续向下找支撑。,06-14 09:42
要么下探3000点，再上碰5日线，要么上碰5日线又下来，回探3000点,06-14 09:42
这样的市场一跌反弹都争先恐后的跑，还能有个好,06-14 09:41
又是3000点保卫战，不知道打几回了,06-14 09:41
又是3000点的保卫战打响啊。,06-14 09:41
。。#钮文新：要为正能量注入股市提供空间#,06-14 09:36
温水煮青蛙，慢慢下来,06-14 09:41
最大的利好:明天周末，不会继续下跌了,06-14 09:41
华能发电量超长江电力全球著名电力公司低价最绩优电力华能国际,06-14 09:41
月初就清仓跑路了，看主力表演[大笑],06-14 09:35
慢刀子割肉现在就是，不知不觉钱没有了哈哈哈,06-14 09:40
还有哪天主力资金不流出,06-14 09:40
不破3000誓不还,06-14 09:40
第一次没破3015，不算好事情！破了再拉升我才会认为是真的，汪汪队加油，自己惹的,06-14 09:40
工程机械智能仓储物流设备夭折温室里,06-14 09:40
大盘阶段性见底了，前底3013点没破，抄蚆,06-14 09:39
慢跌后面就是放量大跌。。。。,06-14 09:39
2500还远吗？,06-14 09:39
电网设备一骑绝尘！[看多][看多][看多],06-14 09:39
今天下跌成定局,06-14 09:39
指数肯定不会破三千的，个股会跌破,06-14 09:33
乌龟行情,06-14 09:39
跟好多人的说法一致，当散户都去买盈利的有前景的公司时候，这些公司就会被砸，量化立,06-14 09:39
新能源，白酒，医疗是多少散户，证券都带不动啊,06-14 09:39
3000点上下垂死挣扎！,06-14 09:39
天天绿,06-14 09:29
发财了发财了，大盘开始抄底了。全网散户抄底抄底抄底。大力加仓买入了大力加仓买入了,06-14 09:37
大跌破3000点,06-14 09:37
能跑快点跑吧,06-14 09:37
你要跌就一下跌下去，反正我的个股早就跌在大盘2600的位置了,06-14 09:37
大盘走势不行,06-14 09:37
似乎要收阳线,06-14 09:37
就在3000点上下打转转蛮好,06-14 09:36
填空题：今天（）星期五,06-14 09:21
银行出来护盘不是好兆头啊，,06-14 09:36
高开低走，平开低走，低开低走，厉害了,06-14 09:32
来来回回就是不破3000c,06-14 09:36
今日目标3000,06-14 09:36
三年了，价值投资就是个传说吧？,06-14 09:30
跌破三千，这次没那么容易涨回来了,06-14 09:36
A股未来可期,06-14 09:36
小A涨点太难了！,06-14 09:36
开盘杀！牛逼牛逼牛逼,06-14 09:35
够恶心的，每天开盘都是量化做空砸盘，今天破3000点了。[下跌][下跌][下跌],06-14 09:32
果真是在温水煮青蛙啊！每天跌一点点！,06-14 09:35
今天不会破3000吧？！,06-14 09:32
量化实在可恶,06-14 09:35
赶紧的，使劲跌。,06-14 09:35
现在的分红一点意义都没有，全靠分红前后下跌的钱来分红的，真正坑人的方法，散户四面,06-14 09:35
每天都是3-4千家待涨,06-14 09:32
有生之年，会不会看到2500点保卫战[坏笑],06-14 09:35
今天会破3000么？,06-14 09:35
又要下穿3000了,06-14 09:35
KD乚月线至顶、跌破2500点也有可能,06-14 09:35
低点越来越低，高点越来越低！接下来，大家自己猜……,06-14 09:35
3000是必破的,06-14 09:35
天天跌，资金天天流出，厉害,06-14 09:34
天天都是一天，跌,06-14 09:34
任何老乡别跑的声音，都是第一时间减仓的信号，这怎么玩怎么玩[想一下],06-14 09:34
A股真的空头无敌,06-14 09:28
暴跌开始,06-14 09:28
永远的3000点保卫战,06-14 09:28
保卫战又要来了,06-14 09:28
赶快破3000吧,06-14 09:28
今天必须红，牛逼哄哄,06-14 09:28
今天是要破3000点了吧？,06-14 09:19
今天破3000点吧。宁愿来个痛快的！,06-14 09:23
赶快实行T+0,06-14 09:28
都跌成这样了，还说自己没问题，承认别人优秀很难吗[为什么],06-14 09:28
低多少次保卫战了,06-14 09:28
低开高走,06-14 09:28
6.13收盘(一天三崩),06-13 06:51
3000赶紧破，别装了,06-14 09:28
喋喋不休,06-14 09:27
知错就改#钮文新：要为正能量注入股市提供空间#,06-14 09:27
大盘看上去还在3000点，普遍股已到更低点，如果银行要下来一波那大盘会怎样？[想,06-14 09:27
这次3000点保卫战，老子虽然没钱加仓了，也是要帮帮场子的…老子一股不卖！,06-14 09:27
什么玩意,06-14 09:27
破3000买进,06-14 09:27
好开心，这样的股市才可以让大家赚到钱,06-14 09:27
今天还有低点,06-14 09:27
来都来了，三千点保卫战不打一下吗？[吃瓜][吃瓜][吃瓜],06-14 09:27
今天绝对破三干点。,06-14 09:27
今天破三千,06-14 09:27
缩量,06-14 09:27
30分钟又要走底背离了，这是要破3000的节奏吗？,06-14 09:27
3000点保卫战再次N次打响！,06-14 09:27
好久没暴跌了,06-14 09:27
10天有9天跌的牛,06-14 09:27
完球了,06-14 09:27
今天又双叕开始3000点保卫战！,06-14 09:26
今天2982走起,06-14 09:26
服了,06-14 09:26
一鼓作气,06-14 09:26
还来？,06-14 09:26
知道散户卖不动了，也就随便玩弄了,06-14 09:26
真棒,06-14 09:26
#钮文新：要为正能量注入股市提供空间#法律,06-14 09:25
今天3000难保,06-14 09:25
对汽车出口肯定有影响#对华电动汽车征税，欧盟算错了账#,06-14 09:25
今天放量必会暴跌,06-14 09:25
脱胎换骨#钮文新：要为正能量注入股市提供空间#,06-14 09:24
进厂打螺丝一年又白干[撇嘴],06-14 09:24
低开,06-14 09:24
百度搜索；中国股市2440点的准确预测归功于司马懿马哥。在中国股市中，司马懿马哥,06-13 04:35
关注的一个实盘又倒下一个了,06-14 09:23
周五会收阳线,06-14 09:23
今天能不能破3000就看空方的了，欧耶[呲牙],06-14 09:23
又埋一波散户[微笑][微笑][微笑][微笑],06-14 09:23
关闭转融通，锁定限售股#钮文新：要为正能量注入股市提供空间#,06-14 09:16
我国应合理分配券商，基金，险资，机构。。按抽签模式三年轮换分别入闸沪，深，科，创,06-14 09:23
这个市场玩的心惊肉跳,06-14 09:23
保卫战[大笑][大笑][大笑][大笑][大笑],06-14 09:22
今天破3000,06-14 09:22
大盘调整未到位；待下周二21窗口；外围科技 延续强势 大A高低不同分化 今周五收周线 重点 电网设备301082 久盛电气,06-14 09:22
今天还是微盘股，小盘股的天下，大盘股权重股大资金还是亏钱！,06-14 09:21
继续休息,06-14 09:21
今天不是大阳，就是大阴[呲牙],06-14 09:21
今天破3000点[为什么][晕],06-14 09:21
亚洲股坛熊鹰要开盘了,06-14 09:21
$上证指数(SH000001)$,06-14 08:29
又到3000点保卫战，可能破吗？,06-14 09:21
别硬撑了，今天破3000吧,06-14 09:20
纳指都创新高了，A股还在十年横着！哈哈哈哈哈哈哈哈哈哈哈哈哈哈哈哈哈哈哈,06-14 09:20
迷信和崇拜是投资者最大的敌人,06-13 09:44
打卡下跌,06-14 09:19
其实还真不如大盘直接来两个跌停，变成2400点，然后重新开始上涨呢,06-14 09:06
诚信第一[赞][赞][赞],06-14 09:18
今天大暴跌，下跌通道已开启,06-14 09:18
大暴跌大跳水大瀑布马上开始了，快逃命啊，信我少亏钱,06-14 09:17
黑色星期五，,06-14 09:04
重要的时间节点要提前说，老粉丝是知道它的威力的……昨天说出了变盘信号，今天的振幅,06-13 10:10
今天日线和周线收线非常重要！,06-14 09:16
3000点保卫战，来回争夺，能守住吧？,06-14 09:16
今天3ooo保卫战,06-14 09:14
今天破3k,06-14 09:11
早盘：2024.06.14,06-14 08:55
低开低走破3000,06-14 08:20
正能量是啥，能当饭吃？#钮文新：要为正能量注入股市提供空间#,06-14 08:20
双龙陨落，这个市场怎么了？,06-13 07:23
劫即是缘，缘即是劫……就看你能不能渡，渡过去了就是圆缘……渡不过…劫难…,06-08 05:57
6月14日上证指数预测,06-13 07:49
违法没收所有减持所得回购公司股份，问价分红制度，分红不够融资额大股东禁止减持或者,06-14 08:14
资金总是流出的，市场怎么会好呢？,06-14 08:14
2635点不是底、清仓。,06-14 08:13
[赞][赞][赞][赞][赞]#钮文新：要为正能量注入股市提供空间#,06-14 08:13
加强处罚力度#钮文新：要为正能量注入股市提供空间#,06-14 08:13
A古：科特估，要起飞了？1、台股涨1.19%再创历史新高台湾加权指数昨天盘中一度,06-14 08:12
沪指早已是空头排列！继续周五黑，昨二市成交较上一交易日放大500亿。保持3174,06-14 08:12
#钮文新：要为正能量注入股市提供空间#又要回到3000点保卫战了，拿出魄力解决关,06-14 07:36
昨晚美股芯片又创历史新高。,06-14 08:11
今日持续低开，早盘上冲转红，能跑的记得跑，下午还要下杀的,06-14 08:10
面对不规范的面馆，顾客是不是先吃面，再买单呢？那为什么老板都跑了呢？,06-12 09:43
6.14市场行情分析,06-14 08:09
茅台股价跳水，拆股是救星还是新坑？,06-13 11:19
认清现实，半导体也是轮动了一遍，并且增量明显不足，指数想跌下去也难，所以今天果断,06-13 02:35
在没有量化转融通之前散户也是比机构得到信息晚，交易席位靠后等都是吃亏的，不过那时,06-14 07:49
发新股ipo时就必须让拟上市公司购买强制退市赔偿保险！每年都要买！如果说在多年以,06-14 08:06
今天3千点以下,06-14 08:06
2949。,06-14 08:05
都来看看吧,06-14 08:05
增量资金还在路上吗#钮文新：要为正能量注入股市提供空间#,06-14 06:48
今日可以跌破三千了,06-14 08:04
0614预判—日内大亏30%！,06-14 08:03
重磅，几个好消息，或影响后市，赶紧来告诉大家,06-13 02:56
李大霄式假唱多，真做空，能改变吗？不能就别喊了。#钮文新：要为正能量注入股市提供,06-14 08:01
点赞#钮文新：要为正能量注入股市提供空间#,06-14 08:00
$上证指数(SH000001)$,06-14 08:00
今天跟欧洲股市！,06-14 07:52
由于上市公司财务造假等违法行为而造成st的，不能让它无限制的跌停，应该限制如连续,06-14 07:57
又该保卫战了大A呀太奇怪啦,06-14 07:56
证券公司指数（3.4亿）获得净申购，连续被净申购，留意一下,06-14 07:55
国家的发展应该靠科技兴国，从股市实际情况看，央国企同时也存在不少的问题，不能给股,06-14 07:51
风一来，水一灌，万事大吉，心想事成[俏皮][坏笑][坏笑][坏笑]#钮文新：要为,06-14 07:49
下跌没完没了，2024年初一季度己破位，为什么要破了，慢慢品吧！看图说话：没直向,06-14 07:15
今天周五会是大盘涨，双杰电气下跌？昨天深股通又高位买，专业高买低卖的队伍,06-14 06:07
夜已深，关于明日A股的行情，我再强调几点，防止有人没有看到：,06-13 09:41
杀一儆百，让违法者倾家荡产#钮文新：要为正能量注入股市提供空间#,06-14 07:43
今天冲击3000,06-14 07:42
出清垃圾上市公司，优化上市公司结构#钮文新：要为正能量注入股市提供空间#,06-14 07:39
公司做假账，应该矿产加坐牢#钮文新：要为正能量注入股市提供空间#,06-14 07:39
坚决禁止量化，禁止转融通，为市场创造良好的氛围#钮文新：要为正能量注入股市提供空,06-14 07:39
散户优先买卖，机构最后卖#钮文新：要为正能量注入股市提供空间#,06-14 07:39
当下看：对上证50、中证50等核心大标的指数，如破3000，进，如破2950，可,06-14 06:38
量化交易每秒钟申报撤单几百次，实质上就是虚假交易，与证监会倡导的中长期投资理念相,06-14 07:36
坚定退出股市了，消户才有幸福的生活。,06-14 07:36
[大笑][大笑][大笑]#钮文新：要为正能量注入股市提供空间#,06-14 07:35
进一步提高减持门槛，不能为社会和股东创造比融资额更高利润的，分红少于融资额的，大,06-14 07:34
今天的A股，让我大吃一惊了！你们知道是为什么吗？市场出现了2个重要信号，一起来看看！,06-13 03:04
上市时候严查，上市后严厉监管，退市追究责任人刑事责任#钮文新：要为正能量注入股市,06-14 07:32
A股90%股,06-14 07:31
【锰硅期货跳水！】,06-14 07:31
【虚开发票引发的振动！】,06-14 07:31
【科创板下调开户门槛？】,06-14 07:30
【北向净卖出63亿！】,06-14 07:30
【新一轮的盈利预期上调已经开始】,06-14 07:29
做空中股,06-14 07:29
30年国债ETF(511090)上市一周年！,06-13 05:08
美股创新高了#钮文新：要为正能量注入股市提供空间#,06-14 07:28
连续四日创收盘新高纳指标普潜在哪些风险？多日调整的大盘存在哪些机会？带着这些问题,06-14 07:28
没救了#钮文新：要为正能量注入股市提供空间#,06-14 07:28
我就看看能不能发出去帖子，没别的意思,06-14 07:27
5月9日发的“此地无银三百两！越解释越容易引发猜想，毕竟澄而不清，暗藏玄机。知者,06-14 07:25
5月9日发的“此地无银三百两！越解释越容易引发猜想，毕竟澄而不清，暗藏玄机。知者,06-14 07:25
尊重市场选择（选时+选股），俺们每天只关注早盘领涨抢筹啦大阳突破的新龙头／，尽量,06-14 07:19
隔夜外盘：纳指、标普连续四日创收盘新高 苹果、微软、英伟达位列全球市值前三,06-14 07:22
今天回到2字头,06-14 07:21
散户应该比机构更有优势才行#钮文新：要为正能量注入股市提供空间#,06-14 06:51
利空落地，明天A股开启新一波行情,06-13 11:10
今日大势预测20240614AABAA上证综指3030点仍是短线关键位置！,06-14 07:20
赫美集团看一下今天的走势。是我一种观点的验证。分析删了。后续如果走势对的话，再谈,06-14 07:20
2024年6月14日,06-14 07:20
分红金额未达到募资金额禁止大股东减持，否则上市就是为了套现，而不是把精力放在做大,06-14 05:53
投资300万入市，2年目标本金剩10万。挑战开始,06-14 07:19
什么时候才能成为职业股民呢？炒股太难了，学了六年多了，看了厚厚一摞书，和网上的资,06-14 07:19
周期之王，中远海控还会涨吗？,06-13 04:43
学印度，机构t十3，#钮文新：要为正能量注入股市提供空间#,06-14 07:16
天天看着这玩意儿！这是重点！,06-14 07:16
中百集团牵手胖东来,06-14 07:15
3000必破,06-14 07:15
至2030年“车路云一体化”市场规模将达十四个万亿级当量！超过中国任何超级赛道！,06-14 07:14
两只股票的成交量接近沪深两市的成交量,06-13 12:47
李大霄：A股地平线3000点保卫战再度打响，希望是最后一次！,06-13 01:58
#钮文新：要为正能量注入股市提供空间#,06-14 07:11
是空穴来风还是请君入瓮。市场传科创板降低门槛一事，又不是什么新鲜事。更像是配合炒作，出货罢了。盲目跟风多加小心套人哦！,06-14 07:11
7000亿够干啥,06-14 06:56
任何事情，首先，方向要对。再朝着这个方向去发力，才会事半功倍，如果一开始方向是错,06-14 06:07
第一，退市规则和赔偿机制完善之前不准新股上市。第二，市场不存在去散户化。请基金拿,06-14 07:02
又到了对明天走势预判的时候！明天6月14日走势已定、大盘会这样走！！！,06-13 11:18
【浅谈对题材的理解】1.题材的大小：有些题材是一日游，涨一天，第二天就歇了；有些,06-13 08:43
刚刚！美股，半导体白酒预判已出，重仓的朋友注意了！,06-14 06:46
A股真正公平交易时代将到来！村里已经开始征求意见，具体如下…,06-12 09:51
一个月至少两次，一般都是三次交割为主，所以这市场能好才怪。股指期货交割日，量化，,06-14 06:56
买入就被套，都是陷阱,06-14 06:56
股市上涨还是要资金推动的，目前最紧迫的是国家平准基金入市，股市不断上涨，会不断吸,06-14 06:31
周末会不会有ST的出现呢,06-14 06:53
兄弟们早上好，真正的暴跌要来了吗？不要过于杞人忧天，可以毫不避讳地说，今天市场会,06-14 06:50
无可救药了#钮文新：要为正能量注入股市提供空间#,06-14 06:47
三大股指全线收绿，周五的A股市场会怎么走？,06-14 06:47
大鳄的套路！！,06-14 02:04
$上证指数(SH000001)$,06-14 06:33
公平公正的交易制度#钮文新：要为正能量注入股市提供空间#,06-14 06:29
60039㐅涨停收,06-14 06:29
交易制度，就包含了违法处理力度。尽快跟国际接轨是最好的办法。英美德国现在的交易模,06-14 06:25
严刑峻法以及赔偿机制。#钮文新：要为正能量注入股市提供空间#,06-14 06:25
今天光伏会不会大涨，利好不段会大涨,06-14 06:25
量化交易，利用消息，大数据，程序化操作，每秒300笔挂单撤单不算出老千作弊嘛？？,06-14 06:23
确定退市的票马上停牌，对股民和机构进行赔付，赔付完成后才处理退市的事，不要先ST,06-14 02:39
给股民一个值得信任的市场。#钮文新：要为正能量注入股市提供空间#,06-14 06:15
昨天A指再次缩量调整极小幅收跌，不过从时间空间和结构看调整基本到位了，股指在这里,06-14 06:10
今日热点解读,06-14 06:08
0614：继续等待（上证50）反弹！,06-14 04:22
或有反包！2024年6月13日连板数据,06-14 06:06
三千点保卫战魔咒，必保不住。,06-14 06:03
那股市存在的意义何在呢？#钮文新：要为正能量注入股市提供空间#,06-14 05:58
底层逻辑不改变，我还是定期#钮文新：要为正能量注入股市提供空间#,06-14 05:56
没完看图：,06-14 12:29
停止融券，取消量化#钮文新：要为正能量注入股市提供空间#,06-14 05:50
要宣传支持实体经济，促进实体经济改革发展#钮文新：要为正能量注入股市提供空间#,06-14 05:50
需要纪委和财务审核#钮文新：要为正能量注入股市提供空间#,06-14 04:27
公平公正的交易制度是股市良好的发展之路#钮文新：要为正能量注入股市提供空间#,06-14 05:46
看图就好，已经在深交所网站核对过了。各大平台均没披露。,06-13 09:23
大盘股也到头了,06-14 05:42
大盘完了完了完了，护指3030点以上维持大盘股出货而已，坚决卖掉中字头，中特姑等,06-12 01:20
纸终究是包不住火，越澄清越涨，主力早已等不及了！千方百计想压制股价上涨已黔驴技穷！“牛股小跟班9527”发近二十条帖黑它已皆删除,06-13 11:31
量化是以技术和资金量优势操纵价格，以损害其他投资人利益为主的获利行为。这都不入法,06-14 05:37
发行定价与申购，全部网上发行。IPO发行造假的，全部按发行价赔偿，财务造假的，按,06-14 05:33
3000点很顽抗，这次的3000点看来是真的了，跌破很难，除非有宇宙级的利空。今,06-14 05:31
投资者的赔偿，只有确保投资者资金不会被造假者买单#钮文新：要为正能量注入股市提供,06-14 05:16
主力机构天天大逃亡做空股市#钮文新：要为正能量注入股市提供空间#,06-14 05:13
量化交易必须取消，在散户市场量化交易就是一种竭泽而渔的不对称收割机，不但补充不了,06-14 12:26
贵州茅台股东人数分析,06-14 04:57
对违法犯罪行为处罚#钮文新：要为正能量注入股市提供空间#,06-14 05:02
中石油才是科特股,06-14 05:00
新股发行不要介入，这种时候不容易。,06-14 04:52
均线之下顺势而为!要服从趋势,06-14 04:25
科创板指数趋势向上，科创板是未来发展趋势,06-14 04:25
#钮文新：要为正能量注入股市提供空间#基本面就是负的，注入个啥？,06-14 04:21
哎#钮文新：要为正能量注入股市提供空间#,06-14 04:12
大盘指数MACD已经走出了14根绿柱，做空力量即将衰竭。常规情况下，会有10天左,06-13 11:57
受够了！越来越多的散户会顿悟这个不公平的市场，留在市场只会血亏、浪费时间精力、消,06-13 11:10
司马懿马哥，在3587点喊出了六个放下，迅速红遍了大江南北，并且提前预测了244,06-13 09:18
应该按照造假金额两倍以上进行罚款#钮文新：要为正能量注入股市提供空间#,06-14 03:51
不公平#钮文新：要为正能量注入股市提供空间#,06-14 03:20
#专家建议暂停量化交易！股友们怎么看？#还是改变分红强除股息的机制这是重点学下欧,06-11 06:39
对合法交易的上涨宽容就是最大的支持，涨再高也不是风险！不涨、下跌才是真正的风险！,06-14 02:53
？#钮文新：要为正能量注入股市提供空间#,06-14 02:46
聊下市场，最近的宏观变动与光模块,06-09 09:12
让造假者牢底坐穿，轻家荡产，包括所有参与者#钮文新：要为正能量注入股市提供空间#,06-14 02:41
6.13(周四)大盘收评和明日大盘走势,06-14 02:35
美联储降息风声再起，对A股有何影响？,06-13 09:12
主力天天买进一点，大盘不就红了，买的人就多了，主力天天跑路，叫小散天天冲有用不[,06-14 02:32
不仅造假要退市，辅导券商同样退市，那还会出现造假上市吗？#钮文新：要为正能量注入,06-14 02:31
回头看看，,06-14 02:27
#3000点保卫战又打响？底部在哪？#你说我要不要投入呢？#3000点保卫战又打,06-14 02:21
请问下，哪里可以买做空的指数？,06-14 01:29
#钮文新：要为正能量注入股市提供空间#中国股市最大问题是分红后强除息强降股价（把,06-14 01:06
取缔转融通、量化作恶等#钮文新：要为正能量注入股市提供空间#,06-14 02:07
要有美国安然公司造假那样的处罚力度，才能打造正常的股市。#钮文新：要为正能量注入,06-14 01:48
关停量化，取消融券#钮文新：要为正能量注入股市提供空间#,06-14 02:01
目标2400前进～周期5个月～,06-14 01:44
大A目前急需做出的改变！个人浅谈！,06-14 01:42
重罚，赔偿机制要完善，流程简单化#钮文新：要为正能量注入股市提供空间#,06-14 01:37
加油,06-13 10:04
建议暂时离开股市吧，大a的游戏规则基本都是为割韭菜量身定做，典型的量化交易做差价,06-14 01:03
#钮文新：要为正能量注入股市提供空间#裸卖空（NakedShortSelling,06-14 01:11
明日低吸标（6月14日）,06-13 11:47
内资主力VS外资主力=殃及池鱼,06-13 07:22
公平的交易制度，完善的投融资和退出机制，严苛的违法犯罪惩处措施，有保障的赔偿保护,06-14 01:02
要为价投提供温床#钮文新：要为正能量注入股市提供空间#,06-14 12:30
明天3千守住,06-14 12:51
500w实盘75天:午盘上海贝岭早盘冲高被量化砸盘，我选择继续加仓干，因为我坚信,06-13 01:23
加大违规处罚力度并建立赔偿制度，真正保护好中小投资者。#钮文新：要为正能量注入股,06-14 12:45
美联储按兵不动，年内最多降息一次的预期,06-14 12:41
投资者保护基金#钮文新：要为正能量注入股市提供空间#,06-14 12:38
国家队收储商品房将提速！,06-14 12:27
取消做空#钮文新：要为正能量注入股市提供空间#,06-14 12:22
请读者朋友关注最美财经博主：猫神小师妹，是你打好翻身仗的第一步，每天深度解析市场,06-13 03:35
放量下跌！所有人都在担心明天周五会继续放量跳水，我在这里明确的告诉大家：明天不仅,06-14 12:00
公开，透明的交易制度#钮文新：要为正能量注入股市提供空间#,06-14 12:29
下周再考虑卖就这样咯,06-13 10:11
要你命3000,06-14 12:26
今天，小娜又创新高，美股“三巨头”市值总和接近10万亿美元，折合约70万亿人民币,06-14 12:25
深圳一家长花16万买名校学位？,06-14 12:25
韩国延长股市卖空禁令至明年3月底北京商报2024-06-1323:41《北京商报,06-14 12:23
不值得，买纳指ETF了，从表现就可以看得出谁厉害了，当下都活不过去，谈啥未来，哈,06-14 12:23
又要砸多少啊[哭],06-14 12:18
今日的A股行情，让人深夜都睡不着，十分伤心难过，你们知道为什么吗？,06-13 11:27
保护投资者，让绝大多数股票上涨，同时严惩违法违规的应以自然人为主；同时量化规则需,06-13 11:59
量化做空制度必须坚决取缔#钮文新：要为正能量注入股市提供空间#,06-14 12:09
空头市场，只能抄底抢反弹[怒][怒][怒],06-14 12:08
做空机制，要吗都关闭做空，要吗对所有人都开放，2，散户t+0，机构t+13，造假,06-13 10:49
加大执法力度法[拜神][拜神][拜神]#钮文新：要为正能量注入股市提供空间#,06-14 12:01
坚持刘纪鹏老师的观点#钮文新：要为正能量注入股市提供空间#,06-14 12:00
最后一次开仓，再跌就真的销户了,06-13 08:14
取消量化，违规减持直接罚没，非公开增发价不得低于市场前廿日平均成交价，低于发行价,06-13 08:26
散户T+0，量化T+1。要对机构利益人对单支股票持有比例做限制，防止老鼠仓。要对,06-13 08:45
#钮文新：要为正能量注入股市提供空间#违法的没有任何成本，结果都是散户买单，太失,06-13 10:23
公平公正的操作环境#钮文新：要为正能量注入股市提供空间#,06-13 11:57
240613万事俱备只欠一根大阳线！[呲牙],06-13 09:03
中国股市只存在量化这种负能量，量化不除没有正能量入场。#钮文新：要为正能量注入股,06-13 11:54
如果我能回本，我绝对退出股市，第一时间销户，不再这个市场奢望，立帖为证。,06-13 11:13
股民的故事:老周的股市风云录,06-13 11:51
第一波539点的反弹靠的是什么，第二波反弹何时到来,06-13 10:17
最近抄底了13只股票然后药明康德抄底成功，明天继续选股抄底，不然实盘不想动手太痒,06-13 11:48
6月14日妖股预判：1、正丹股份：一代妖王就此陨落，爆量下跌日内高点下来三十个点,06-13 07:17
股市这十几年就是在倒退，现已成了让人唾骂的烂摊子。#钮文新：要为正能量注入股市提,06-13 11:48
A股放量下跌，可以抄底了？,06-13 11:27
明天三千点保卫战又一次开始了。[偷笑][偷笑][偷笑][偷笑][偷笑][偷笑],06-13 10:50
钮文新那长相真不敢恭维[旺柴][旺柴][旺柴]#钮文新：要为正能量注入股市提供空,06-13 11:44
午评：今天的涨跌已经不重要了，因为大势已定。,06-12 11:55
放开T+0公平正义#钮文新：要为正能量注入股市提供空间#,06-13 11:42
必须严惩彻查！#钮文新：要为正能量注入股市提供空间#,06-13 11:41
严厉处罚造假行为，并让上市公司赔偿相应的损失。#钮文新：要为正能量注入股市提供空,06-13 11:40
三年的我倾家荡产，谁和我一样[哭][哭][哭][哭][哭][哭][哭],06-13 10:46
明天一早我就清仓，然后去玩欧洲杯去了，亏完也不再进来股市了。每天就来看看,06-13 11:38
6.14 复盘+明天买什么（必看）,06-13 11:36
#钮文新：要为正能量注入股市提供空间#,06-13 10:55
大A4000点站位的人在有生真的有机会解套吗,06-13 11:15
都套傻了#钮文新：要为正能量注入股市提供空间#,06-13 09:03
咳#钮文新：要为正能量注入股市提供空间#,06-13 09:02
今天上午没有出现明显的冲高，对错参半，上午下午都有倒序。#钮文新：要为正能量注入,06-13 09:02
取消转融通，停止量化交易，暂停IP0#钮文新：要为正能量注入股市提供空间#,06-13 09:01
[大笑]买在无人问津处！！！！买在绝望处！！！！,06-12 09:57
造假者，要判死到#钮文新：要为正能量注入股市提供空间#,06-13 09:00
韩国怎么知道禁止卖空？！,06-13 09:00
又到了一季一度十分关键非常重要的三千点大关啦,06-13 09:00
想涨的已经亏到没钱补仓，而有资金的却不想涨，只要波动就可以。所以还是继续三千左右,06-13 01:14
#钮文新：要为正能量注入股市提供空间#信心比黄金更重要‼信心比黄金更重要‼信心比,06-13 08:56
看见a股就想吐[旺柴][旺柴][旺柴],06-13 08:54
转融通配合量化收割，买不完买不完，必须坚决取缔转融通。#钮文新：要为正能量注入股,06-13 08:53
发现财务造假必需会计、审计、保存人先行赔偿投资者损失，才让上市公司复牌交易,06-13 08:53
想销户了，又中一只新股！亏老多了，中小虾米，零头的四分之一！收着吧！[哭][得意,06-13 08:30
明白人在假装糊涂等上边出错牌，钻空子。糊涂人在乱喊乱叫，嚷嚷着取消量化。赔钱是操,06-13 08:29
量化废除#钮文新：要为正能量注入股市提供空间#,06-13 08:52
上市募集资金多少，需要分红多少并且满10年后才能减持股份。不允许质押式减持和清仓,06-13 08:34
永远都是3000点,06-13 08:51
转融通借来的券源，用量化的方式融券#钮文新：要为正能量注入股市提供空间#,06-13 08:48
安心，省心，不看k线，不用技术分析，小赚44.炒什么大a,06-13 08:48
坚决取缔量化转融通#钮文新：要为正能量注入股市提供空间#,06-13 08:46
#钮文新：要为正能量注入股市提供空间#解散,06-13 08:46
外围利好一片，传到A股怎么是利空，究竟是谁把消息传错了，半死不活的。,06-13 02:20
取缔量化，融券，融转通！造假者坐牢！#钮文新：要为正能量注入股市提供空间#,06-13 08:45
"取消有违""三公″的一切交易手段，不要再盲目照搬或创新""去散户化的″诸般工具了。要",06-13 08:45
周五破三千,06-13 08:44
科创次新股异军突起，7连板人气股午后闪崩跌停,06-13 05:20
各银行，对于质押公司，股价未达到15元的，不予以质押放款，公司都没经营好，股价提,06-13 08:43
感觉明后一周会是电力的天下,06-13 08:42
各银行，对于质押公司，股价未达到15元的，不予以质押放款，公司都没经营好，股价提,06-13 08:42
我觉得交易制度和加大对违法违纪行为的惩罚力度，这两者需同时进行，这是规范股票市场,06-13 08:42
支持钮文新观点#钮文新：要为正能量注入股市提供空间#,06-13 08:42
定投指数基金你踩坑了吗？,06-13 08:41
量就别想了，不管什么时候买都套,06-13 08:38
取消量化取消减持#钮文新：要为正能量注入股市提供空间#,06-13 08:37
坚决支持！#钮文新：要为正能量注入股市提供空间#,06-13 08:37
坚决取缔转融通！800万以上机构大户（穿透式约束，同一资金控制人合并计算）T3，,06-13 08:36
什么是正能量#钮文新：要为正能量注入股市提供空间#,06-13 08:36
继续下跌，股指那里来的那里去,06-13 08:36
一针见血#钮文新：要为正能量注入股市提供空间#,06-13 08:32
公平公正公开。#钮文新：要为正能量注入股市提供空间#,06-13 08:26
明天破三千,06-13 07:55
资金入市，增强信心，渐进式调整，不是一棒子打死#钮文新：要为正能量注入股市提供空,06-13 08:32
2500开始建仓，2500建仓，2500建仓,06-13 08:29
#钮文新：要为正能量注入股市提供空间#狠狠注入正能量,06-13 08:27
没量就是最大的问题,06-13 08:27
必须让证券市场的违法者牢底坐穿，倾家荡产，并赔偿投资者的损失。#钮文新：要为正能,06-13 08:27
？？？#钮文新：要为正能量注入股市提供空间#,06-13 08:25
这种行情好恐怖,06-13 08:25
大资金不敢进去，怕买个公司,06-13 08:23
严惩造假者，取消量化，转融通，赔偿投资者因造假者造成的损失。#钮文新：要为正能量,06-13 08:20
问题债下修会如何？,06-13 12:29
盘到全是利好。盘中全是下跌。盘后股民一脸懵逼。,06-13 08:17
A股：全体股民注意，市场放量，明天大盘将绝地反击！,06-13 06:34
6.13 要死不活的行情何时才是头,06-13 08:11
量化交易虚假增加了成交量，场内的小散不断被消灭，场外的资金胆却不敢进场，真实的成,06-13 08:14
创业板次新股明日涨停潮？,06-13 08:14
#钮文新：要为正能量注入股市提供空间#有一家美国上市公司，名字叫安然，公司造假6,06-13 07:43
#钮文新：要为正能量注入股市提供空间#取消量化，刻不容缓！,06-13 08:13
量化必须禁止，造假要第一时间停牌然后赔偿股民#钮文新：要为正能量注入股市提供空间,06-13 08:11
“科特估”龙头大盘点  那些“科特估”有望在下半年迎来新机遇 ,06-11 10:07
3000点点能守住吗#高盛发声：中国市场已现复苏信号#,06-13 08:08
开盘清仓卖出方正证券，短线进军克来机电,06-13 08:08
【牛散润了？】,06-08 07:52
【又有“科特估”概念！】,06-12 06:47
[苦涩]机构，看看这些数据，你叫中小散户，怎么有正能量？#钮文新：要为正能量注入,06-13 08:03
#钮文新：要为正能量注入股市提供空间#停止转融通，股市才会活，上市企业减持额度不,06-13 08:03
我觉得吧，上证指数直接调到零点。所有账户全部清零。然后重新开始。,06-13 08:03
这市场为什么会一直涨不上去？看看这些数据，这还怎么玩的下去？,06-13 08:00
现在最重要的是要有资金入，走出上涨的趋势，只有这样才提振股民的信心。#钮文新：要,06-13 07:23
量化交易融券股指期货等做空工具全部暂停#钮文新：要为正能量注入股市提供空间#,06-13 07:56
#钮文新：要为正能量注入股市提供空间#改变证券会,06-13 07:56
量化交易扰乱股票市场，我国的股市现在还在3000点挣扎，靠量化交易来增加交易量是,06-13 07:55
不要总是让散户上当#钮文新：要为正能量注入股市提供空间#,06-13 07:53
把转融通暂停了，拿自己的钱玩，看看机构还会不会做空#钮文新：要为正能量注入股市提,06-13 07:52
不抄股了,06-13 07:48
今天A股：让人啼笑皆非,06-13 05:35
3000保卫战又要开始了[呲牙]银行券商干活了。,06-13 07:46
明日预判，探底回升,06-13 07:45
3000保卫战又要开始了[呲牙]银行券商干活了。,06-13 07:46
明日预判，探底回升,06-13 07:45
人世间最悲催的事，不是癞蛤蟆想吃天鹅肉，而是天鹅秒变癞蛤蟆,06-13 02:41
怎么看待计算机？,06-13 07:44
离半年线近在咫尺，量能萎缩，昨天跌回6000亿区间。可以轻仓介入，防万一踏空，虽,06-13 01:02
不能乱停牌，10十板以上停牌比较好二十厘米五板以后。只有高度才有空间，乱停牌等于,06-13 07:43
[赞][赞][赞]#钮文新：要为正能量注入股市提供空间#,06-13 07:43
北方42度高温，用电紧张，电力股爆发,06-13 07:21
这次大盘应该要到2900,06-13 07:42
把专家全部赶出去。#钮文新：要为正能量注入股市提供空间#,06-13 07:41
赔付制度抓紧建立起来#钮文新：要为正能量注入股市提供空间#,06-13 07:40
早就应该取消量化交易#钮文新：要为正能量注入股市提供空间#,06-13 07:38
不出利好就这样赖下去,06-13 07:37
看着股票的年K线，就知道为什么不能炒股了,06-13 07:37
应该会有一波反弹,06-13 07:36
协和7板带动消费电子，有色石油周期股撑起下午盘！,06-13 08:31
看看人家，涨得太牛逼啦,06-13 07:32
转发,06-13 07:32
转发,06-13 07:32
下一个十年3000点？,06-13 07:30
做多一只股，先转融通公司所有可借的，然后可劲做空，直到杀尽散户#钮文新：要为正能,06-13 07:29
明天上半场完成最后一跌，下半场起舞！！,06-13 07:17
宜华生活，宜华健康，要查，要赔散户损失#钮文新：要为正能量注入股市提供空间#,06-13 07:26
转发,06-13 07:26
本来今天看了，一个建筑，一个电气类，今天下午都板了！这种不太活跃的板块要少参与！,06-13 06:12
明天继续跌,06-13 07:24
转发,06-13 07:24
今日走势与昨日分析不符，昨日预计3045争夺后向上选择，实际收到消息影响回落，但,06-13 03:30
保护中小散户#钮文新：要为正能量注入股市提供空间#,06-13 07:22
3000点保卫战再次开启。,06-13 07:22
上市即接受监管，严格财务报表审查审计，及时发现问题，早预警，早提示…。让不知内情,06-13 07:21
每天的走势如出一辙，上来走高然后一路下跌，尾盘再吸筹拉高，明天继续再上来急速拉高,06-13 09:59
#专家建议暂停量化交易！股友们怎么看？#禁止量化,06-13 07:21
有法可依有法必依执法必严违法必究！中学学习的法律常识已刻在脑壳中！现实却经常开玩,06-13 07:03
十只小而美的消费电子个股,06-13 04:56
股市监管，别让“割韭菜机”再转了！,06-13 07:16
大盘继续震荡，是涨是跌何时该入场？,06-13 07:15
科创板：今日，科创板迎来开板五周年。有关科创板将下调开户门槛的传闻近日再起，称开,06-13 06:08
如果多数人亏损，那么和买彩票一样。谁还敢参与。#钮文新：要为正能量注入股市提供空,06-13 05:29
股票是我这辈子挥之不去的阴影,06-13 07:15
周线一波下跌是带平台的日线下跌走势；日线一波下跌是带平台的30分钟下跌走势。,06-13 07:14
再忍忍实在不行就全咔嚓了目测到现在为止这波节点应该是亏了1%多,06-11 01:39
今天再次预判正确，下午突然回落的原因相当恶劣，明天市场如何走？请进来详谈。。。,06-13 04:50
2024年6月13日，一173。贴子每天都发，经常被吞，吞了就不发了,06-13 03:39
明天就轮到你表演了,06-13 07:08
对比亚迪17%的关税，出口欧洲影响不大。#对华电动汽车征税，欧盟算错了账#,06-13 07:08
散户t加0，机构t加3#钮文新：要为正能量注入股市提供空间#,06-13 06:09
人福医药：布立西坦片获药物临床试验批准,06-13 07:07
支持#钮文新：要为正能量注入股市提供空间#,06-13 07:06
主力像炒白酒一样炒电力。,06-13 07:05
这个游戏，到底谁在赢？这个游戏，到底谁能赢？[微笑][微笑],06-13 06:08
别在这边发牢骚，12386电话提意见要求提出我们也出台做空禁令，一个人的力量没用,06-13 07:04
《炒股之人的梦想》炒股之人，心怀梦想，那梦想如繁星点点，照亮他们前行的道路。炒股,06-13 07:03
关闭北向就开始闷杀了！,06-13 07:01
改一改融资市变投资市，应该要造就一波牛市让股民赚点钱了！股民为中国股市贡献的太多,06-13 06:31
终于看清楚，看明白，想在古寺挣钱，难于上青天！一旦机会回本，永不进来！,06-13 06:25
明天探底回升，三千点支撑强大，明天小阳线概率大，下周看涨。,06-13 06:34
周线五连阴，必反弹,06-13 06:38
首当其冲的是取消高频量化，说其活跃市场是托辞，目的是不断收割韭菜#钮文新：要为正,06-13 06:56
就这样非常好#钮文新：要为正能量注入股市提供空间#,06-13 06:53
看看2900能不能撑住吧,06-13 06:52
，,06-13 06:52
加大违法违规成本是管理最有效的办法#钮文新：要为正能量注入股市提供空间#,06-13 06:51
剧情分析,06-13 05:31
昨晚美股继续大涨，读者朋友非常纳闷，为什么美股的潜力会这么强，新高之后，还有更高,06-13 06:24
明天继续暴跌五个点，哈哈哈都说了快跑吧韭菜们量化出货你们也敢买？？？,06-13 03:00
白泽实盘记录：20240613（第116天），今日亏损0.16万，总亏12.86万，资金总取出6.80万,06-13 06:14
钮大文新都喊了几十年了吧！结果妖风更浓，这才是正宗A股。#钮文新：要为正能量注入,06-13 06:48
钢铁煤炭有色电力。其中煤炭电力已经走出大牛市行情。就差钢铁跟有色了。什么时候能起,06-13 06:45
融资融券量化不适合国情#钮文新：要为正能量注入股市提供空间#,06-13 06:44
股民是靠上市公司赚钱，上市公司要为股民负责，一时不赚钱没关系，我们可以等，而不是,06-13 06:18
3000点保卫战开启不过明天必破3000点,06-13 06:44
所有均线趋势全部向下，必破3000。,06-13 05:57
6月12：情绪高潮，风格切换，新周期确立？可以重仓吗？,06-12 06:05
大A今天的走势和昨天正好相反。昨天是缩量，个股普涨。今天是放量，个股下跌多于上涨,06-13 04:51
是时候离开股市了。,06-13 06:42
没有资金注入，什么改革都没有用。当前最迫切的是保护投资者的积极性，最大限度地减少,06-13 06:41
6月12：情绪高潮，风格切换，新周期确立？可以重仓吗？,06-12 06:05
大A今天的走势和昨天正好相反。昨天是缩量，个股普涨。今天是放量，个股下跌多于上涨,06-13 04:51
是时候离开股市了。,06-13 06:42
没有资金注入，什么改革都没有用。当前最迫切的是保护投资者的积极性，最大限度地减少,06-13 06:41
又快好了。,06-13 06:40
呵呵，太贵了！大家还是呆在这里享受免费的吧！少一个人少一分压力[抱拳],06-13 05:17
大资金入市上市公司回购#钮文新：要为正能量注入股市提供空间#,06-13 06:37
实盘实录,06-13 03:09
老大：好听您的破3000加仓关机[抱拳][抱拳][爱心][爱心][献花][献花],06-13 06:34
啊把吃进去的钱吐出来。#钮文新：要为正能量注入股市提供空间#,06-13 05:55
指创新低个股创出新低。欢迎积关注[献花][爱心]#微盘股暴跌！风险还是机会？#,06-13 06:33
明天必破3000点.不能再玩了,06-13 06:05
违法行为赔偿#钮文新：要为正能量注入股市提供空间#,06-13 06:29
【欧奈尔每日市场回顾-24/06/13】半导体，CPO和公用事业领涨,06-13 06:28
A股周四收评：赢麻了！,06-13 06:27
继续跌,06-13 06:26
中信：老子继续加空单,06-13 06:26
对6月14日沪深两市机会与风险预测：6月12日盘后对6月13日上证指数深证成指区间预测精确率分别为99.86%、99.8%、99,06-13 06:25
制度改革#钮文新：要为正能量注入股市提供空间#,06-13 06:25
外围机构用模拟盘看好中国股市，北向资金却连续四个交易日净流出？,06-13 06:24
明天一举击穿3000，然后筑底、回升。,06-13 06:22
场外资金不进场，大盘不涨；大盘不涨，场外资金不进场。这似乎是一个死循环[滴汗][,06-13 01:31
大多数只要不是买到短线里前排的股票就是随波逐流大多数追涨的也是被骗炮#钮文新：要,06-13 05:55
为鼓励投资者长线持有股票，在当前股市疲软的状况下，要取消一切做空工具，禁止做空，,06-13 05:49
以失神龛,06-13 06:16
前五个月没有一个月是红的，进入六月是没有一天是红的。,06-13 06:16
公平公正#钮文新：要为正能量注入股市提供空间#,06-13 06:14
又3000点保卫战,06-13 06:14
什么叫违法，违法就要追究刑事责任#钮文新：要为正能量注入股市提供空间#,06-13 06:13
取缔星量化交易#钮文新：要为正能量注入股市提供空间#,06-13 06:13
停止无厘头的转融通吧#钮文新：要为正能量注入股市提供空间#,06-13 06:12
绝对正确。#钮文新：要为正能量注入股市提供空间#,06-13 06:12
去看了下今年的主力资金流入流出，上一次微微流入还是在上个月5月9日，流入10多亿,06-13 03:15
6.13：周五，A股小幅度震荡，构筑小级别底部,06-13 06:04
【早盘点评】电风扇呼呼的吹，早盘半小时出来了9个题材轮动，而且都是有利好刺激的，,06-13 10:10
现在选股收到问询函得立马跑，收到立案公告都跑不掉，中奖率能达三成[大笑],06-13 06:01
好家伙，郭嘉是打算把底部吃的筹码都出了啊,06-13 05:31
这种就没人管管吗,06-13 10:47
#钮文新：要为正能量注入股市提供空间#,06-13 05:59
为了让市场有个好环境#钮文新：要为正能量注入股市提供空间#,06-13 05:58
央行入市#钮文新：要为正能量注入股市提供空间#,06-13 05:58
感谢交易所专家们宝贵的时间！量化交易，高频交易，已经长期事实上玮返《中华人民共和,06-13 05:35
切实提高上市公质量，完善交易制度，提高大股东减持门槛，从重从严快速惩罚违规违法行,06-13 05:55
公开每只股票的龙虎榜#钮文新：要为正能量注入股市提供空间#,06-13 05:51
关闭量化#钮文新：要为正能量注入股市提供空间#,06-13 05:51
汉商早上格局了一会，第二波冲不上去走了，好上加仓，今天没开新仓没有符合的，协和4,06-13 05:49
奇怪吧3170点的时候天天出利好，最近跌了快一个月了马上到三千了不出利好了呵呵为,06-13 04:20
#钮文新：要为正能量注入股市提供空间#，这个市场怎么做,06-13 05:48
好！#钮文新：要为正能量注入股市提供空间#,06-13 05:47
公平问题，禁转融和量化#钮文新：要为正能量注入股市提供空间#,06-13 05:47
两朵大蘑菇（中特估+科特估）,06-13 04:38
指数不跌，高手,06-13 05:46
牛来了,06-13 05:21
交易方式向散户倾斜，比如散户T+1、机构和一千万市值以上帐户T+2；每个交易品种,06-13 04:45
明天3000点保卫战,06-13 05:44
三千点保卫战又要打响了哦,06-13 05:44
对交易制度要设置定期修订办法。制定违规“罚则”，根据“罚则”对违规行为及时处理。,06-13 05:41
兄弟们我受伤了，明天没啥事正常更新,06-13 05:40
你们发现没有，当时指导选择分红业绩好的！如今多数都是跌跌不休，业绩不好的反而走的,06-13 05:40
关了量化#钮文新：要为正能量注入股市提供空间#,06-13 05:39
6.13实盘笔记|半导体独木难支，急需增量资金护盘,06-13 05:39
让造假者，牢底坐穿#钮文新：要为正能量注入股市提供空间#,06-13 05:38
只关注个股，不关注指数，关注4.17日价格，然后从上周五反包的股票，最近形成了一,06-13 11:29
2024-6-13大盘走势,06-13 09:54
藏在换手率的机会,06-13 04:22
面对挑战，中国人从不畏惧，反而斗志昂扬。越是强大的对手，越能激发我们的斗志。无论,06-13 05:35
明天地产大涨,06-13 05:35
上市企业，不能一退了之，小散的钱谁来补偿，不要拿我们小散当#钮文新：要为正能,06-13 05:33
真是怕什么来什么，下午开盘就担心，内资主力拉升权重，拉起来再砸盘，结果还真是这样,06-13 02:52
大股东可以随便换，但是上市公司不能随便退市！！#钮文新：要为正能量注入股市提供空,06-13 05:32
上证日线顶背离调整第十七天,06-13 05:32
A股三大指数集体下跌，30年国债ETF(511090)收涨0.25%,06-13 05:31
重整股市环境，加大违法处罚力度，#钮文新：要为正能量注入股市提供空间#,06-13 05:31
散户T十0，机构T十3#钮文新：要为正能量注入股市提供空间#,06-13 05:30
管理部门要从根本上维护广大股民的利益，不要老是管涨不管跌，可以涨，那是市场行为，,06-13 05:07
明日有变盘可能,06-13 05:30
管理部门要从根本上维护广大股民的利益，不要老是管涨不管跌，可以涨，那是市场行为，,06-13 05:07
明日有变盘可能,06-13 05:30
又是3000点,06-13 05:29
提倡长期资金，提倡稳定资金，为什么高频量化交易加转融通不能取缔或者大幅减少?让这,06-13 05:29
必须纠正现在的不平等交易规则，增加违法违规成本，否则谁还会遵守市场规定，所以加重,06-13 05:29
扶不起，扶不起[大笑],06-13 05:28
都去买球了，没人玩了,06-13 05:28
3000点保卫战又开始了,06-13 05:28
大盘表现韧性，凸显局部耐心资本价值，结构性迎喷泉式暴涨，符合新质生产力高质量发展,06-13 05:28
拿稳手中宝贵的筹码，只能买进不去卖出，静待股市这波调整结束，第三大浪的展开，36,06-13 04:54
公平公正公开#钮文新：要为正能量注入股市提供空间#,06-13 05:26
赔偿机制#钮文新：要为正能量注入股市提供空间#,06-13 05:26
正丹股份双头与协和电子天地齐飞，短线又迎来一击！,06-13 05:25
A股收评：大盘维持震荡，科创板次新股集体爆发！,06-13 05:25
最可怕的是,06-13 05:24
机构改为T加五年交易，散户改为T加零，上市公司高管及保荐机构审计机构承担个人财产,06-13 05:10
为什么没有赔偿制度选项#钮文新：要为正能量注入股市提供空间#,06-13 05:24
黑色星期五来了快跑快跑快跑快跑快跑快跑快跑快跑快跑快跑。下跌只是开始，不跑会跌的,06-13 05:23
上证这几天走的好纠结。,06-13 05:22
中国海油、长江电力、中国神华再创历史新高，不服不行,06-13 08:02
$上证指数(SH000001)$,06-13 05:21
你就会说，你也买一手我佩服你#钮文新：要为正能量注入股市提供空间#,06-13 05:20
给欧盟补课让他们学算账#对华电动汽车征税，欧盟算错了账#,06-13 05:17
不买是一种能力，也可以说是功夫,06-13 05:16
期待中国股市第三大浪的展开。,06-13 05:03
管住手吧兄弟们，等铁底再来,06-13 02:26
这个指数准确吗？,06-13 05:14
赔偿制度#钮文新：要为正能量注入股市提供空间#,06-13 05:13
底部震荡阶段这次主要是大盘内部结构性需要回调，跌幅已基本到位，大多数板块和个股都,06-13 05:12
无语！#钮文新：要为正能量注入股市提供空间#,06-13 05:12
[为什么]#钮文新：要为正能量注入股市提供空间#,06-13 05:11
啥是正能量#钮文新：要为正能量注入股市提供空间#,06-13 05:00
请求改变#钮文新：要为正能量注入股市提供空间#,06-13 05:10
还是好好的搞经济#钮文新：要为正能量注入股市提供空间#,06-13 05:10
明天又是3000点保卫战，一年不知道要经历多少次保卫战[捂脸],06-13 05:10
退市赔偿#钮文新：要为正能量注入股市提供空间#,06-13 05:09
[憨笑][呲牙][害羞羞][得意][偷笑][俏皮][大笑][鼓掌]又被套了吧哈哈,06-13 05:09
现在指数都被量化搞坏了，还没拉起来都被量化砸了，这样怎么玩，散户在玩长线，它们在,06-13 04:50
8天8板，协和电子凭什么成为“科特估”龙头？,06-13 11:07
就是那几个超级大盘股，互相涨跌稳定指数，没有出路的,06-13 05:08
6月12日上证指数预测,06-11 08:12
2900谢谢,06-13 05:07
公正公平公开#钮文新：要为正能量注入股市提供空间#,06-13 05:07
不知道实话发不发的出去，一下这么弄我觉得是不对的。懂得人都懂，就像我那只gu，6,06-13 04:07
#钮文新：要为正能量注入股市提供空间#,06-13 05:04
看起来要调整到17号。,06-13 05:04
3000点保卫战即将打响,06-13 05:03
建立赔偿制度#钮文新：要为正能量注入股市提供空间#,06-13 05:03
A股秋天的风。,06-13 05:01
优质的公司要注重市值管理要尽快退市交易制度的公平公正恶意做空十倍罚款#钮,06-13 05:01
ST等问题股后续发展趋势的几点建议！,06-13 04:22
按理讲手心手背都是肉，为什么要手心一直受伤呢！,06-13 04:02
明天继续跌死,06-13 04:59
所有公司回购股票注册#钮文新：要为正能量注入股市提供空间#,06-13 04:58
亏损股大都涨，盈利股大都跌，个股已经到达2500点[大笑],06-13 04:58
改成t+7，杜绝炒作，强制价值投资，所有人都只敢买估值合理的股票！#钮文新：要为,06-13 04:58
好好干活斤斤计较#钮文新：要为正能量注入股市提供空间#,06-13 04:57
A股问题困在股市，更困在股市之外#钮文新：要为正能量注入股市提供空间#,06-13 04:56
全面停止量化、融券交易#钮文新：要为正能量注入股市提供空间#,06-13 04:54
今晚如果没有利好，明天3000，极端指数会到2980点,06-13 04:54
A股：权重压盘，不足为惧。,06-13 04:54
#天天基金调研团#海外中国互联网业绩报频频报喜！港股回暖，又该如何抄底新机会？,06-13 04:35
6月战绩,06-13 01:46
"散户T+1,机构T+3,关闭量化#钮文新：要为正能量注入股市提供空间#",06-13 04:53
6月12日小龙收评（坐观万象）,06-12 07:36
#钮文新：要为正能量注入股市提供空间#观点十分正确，赞同，为他点赞。,06-13 04:50
彻底关闭关闭量化交易和转融通机制#钮文新：要为正能量注入股市提供空间#,06-13 04:43
这个市场到底怎么啦？无语[哭],06-13 04:49
要提高违法的成本#钮文新：要为正能量注入股市提供空间#,06-13 04:48
取消量化#钮文新：要为正能量注入股市提供空间#,06-13 04:48
好！#钮文新：要为正能量注入股市提供空间#,06-13 04:47
停止量化转融通转融券#钮文新：要为正能量注入股市提供空间#,06-13 04:46
明天继续跌,06-13 04:46
东拉西扯的行情，看得莫名其妙，过去的那套雁过留声，人过留印的盯盘跟盘的方式不管用,06-13 04:11
空间？是向上还是向下？,06-13 04:46
留下的都发财[发财],06-13 04:33
涨时缩量，跌时放量，什么情况？,06-13 04:42
#大学生金融挑战赛组队集合令#有没有广州大学的炒股搭子，一个人炒股太无聊#钮文新,06-13 04:42
必须彻底改变和健全股市制度，推动股市健康发展，树立投资者信心。#钮文新：要为正能,06-13 04:42
紧急‼提醒：很快就能看到一阳吞阴的急拉行情！,06-13 03:55
跌无可跌才能买，继续等！不上攻突破3040都是男人的嘴！,06-13 03:19
三千点必破,06-13 03:59
5周岁大爆发！“硬科技”定位越来越清晰，乘科特估之风,06-13 01:50
并不是很乐观,06-13 03:58
朋友卖飞中国海油，能抄底正丹股份吗？,06-13 01:11
！,06-13 03:57
国九条对做多情绪的影响远还没消除，大小资金从小差、可疑股中撤离会持续两三个月，估,06-13 03:56
买不了美股可以通过港股通买港股的腾讯、美团、小米…,06-13 03:51
下午会有强反弹,06-13 11:22
今年第一签,06-13 03:55
实现一个多月净流出，没有一天是流入的！,06-13 03:16
#专家建议暂停量化交易！股友们怎么看？#你们给散户可以做空，买跌试一下，不知道是,06-13 03:52
强弩之末！药明康德大涨并非警报解除，原因如下...,06-13 08:07
20240613~卧龙午盘小憩,06-13 11:51
再谈什么是量价势还是举例上证指数和协和电子,06-13 03:44
2024年06月13日大盘总结（预测准确）及06月14日大盘预测,06-13 03:37
盈不傲，亏不焦,06-13 01:16
量化不去消只能天天跌，股民害怕不敢进,06-13 03:42
上证周线s叉，月线顶背离，日线。。,06-13 03:46
明天安慰你一下，再给你一巴掌！,06-13 03:41
6月13日收盘点评,06-13 03:16
回了两天血不够一天跌,06-13 03:45
炒股不值得，一两万玩玩可以,06-13 03:31
肉块,06-13 03:44
这就是技术性牛市！爱了爱了,06-13 03:28
地产白酒才能救大盘，提升人气,06-13 03:41
每天都是花里胡哨的，一会炒这个一会炒那个，一会帮别人，一会谴责别人，自己家里都快,06-13 02:22
大家别着急这是曼牛行情30年之后有忘3300所以放心等待,06-13 03:33
明天三千以下,06-13 03:38
现在是拉这个板块那个板块跌，资金就是这些，给了它就得卖别的，属于典型拆东墙补西墙,06-13 03:37
真行天天跌,06-13 03:31
最牛的熊期！[赞][赞][赞],06-13 03:37
信不信由你，阴跌二个月到2600,06-13 03:36
看来明天要挑战一下3000点了,06-13 03:22
这年头，有在股市赚钱的吗？老婆本都亏没了,06-13 02:54
加速砸盘越来越近了啊！#3000点保卫战又打响？底部在哪？#,06-13 03:27
[愉快][愉快][愉快]#胡锡进又加仓4万，股友们怎么看？#,06-13 03:12
今天该涨不涨必跌，我在3000点以下等你决战。,06-13 02:59
牛市从科创板开始！！！,06-13 03:26
稳定亏损,06-13 03:17
任何一次牛市见过券商缺席吗?,06-13 10:56
惨不忍睹[微笑]平常心平常心,06-13 03:23
明天三千咬破,06-13 03:22
这两天深市的转融通都是新增90多页啊！！你们知道这是增长了多少吗？在大前天深市转,06-13 02:29
太强大了，,06-13 03:21
玩股票的人越来越少啦，再不采取措施一定垮掉。,06-13 03:27
今日清仓了，开心！,06-13 03:16
药明系危机解除？背后的事情没这么简单,06-12 07:36
发展低空经济#对华电动汽车征税，欧盟算错了账#,06-13 03:09
散户在离场，聪明的钱已经在增持了，5个亿已经到账，一轮牛熊周期下来后，你猜猜最后,06-13 03:25
今天砸也没力，涨也不能，完全就是鸡肋行情食之无味，弃之可惜就八个字，其他的不想说,06-13 03:11
我不信今晚美股还会涨，明天A股还会跌！发表于2024.6.13收盘后！,06-13 03:20
你们相信眼泪吗,06-13 03:13
沿着均线走是什么意思？,06-13 03:11
大盘持续缩量，不对劲，先出来看看，等大盘破3000了再来捡筹码。。。,06-13 02:32
开局一片红，没想到收盘这么拉胯，唉,06-13 03:24
昨天赚850今天亏1360哈哈哈哈,06-13 03:10
明天收阳没商量！,06-13 03:07
一贯的作风，看到你强了就打压#对华电动汽车征税，欧盟算错了账#,06-13 03:23
又是缩量反弹！缩量反弹只有两种走法,06-12 07:39
操作贴|白酒，医疗，半导体今天可以加仓吗？我今天加仓这个方向,06-13 02:19
盘面来看还是科技股持续性最好，今天盘中拉了什么机器人，消费电子，科创板，科创板本,06-13 03:22
司马懿马哥是2018年11月12号喊出波段底点2440点。2019年1月4号到达,06-13 11:43
亏惨了，真的每天都在后悔中度过,06-13 03:01
3024.69自救~下一步突破3026.90~~嘎嘎嘎,06-13 02:40
#高盛发声：中国市场已现复苏信号##怼恶意力不从心，钮文新喊话股市监管#记得有句,06-13 03:21
B浪反弹已经于6月11日展开，,06-13 03:21
罗刹两字就值1800,06-13 03:20
$上证指数(SH000001)$,06-13 02:58
大盘5·24那天就已经转向下降通道了，目前只是下跌没有改变之前尽量多看少动，不要,06-13 03:20
又3000点保卫战了,06-13 03:20
不知道您们怎么样，指数虽然还是3000点以上，从年初一月底点进的仓还在亏，这两个,06-13 03:00
迎接最后一跌，开始抄底,06-11 09:54
都是我跌,06-13 03:17
加油！创新高,06-13 02:06
$上证指数(SH000001)$,06-12 02:56
指数跌了一点个股跌得一塌糊涂惨不忍睹，除了AI芯片，其他没法看,06-13 02:06
3000点保卫站开始了,06-13 02:06
邻居大爷说大盘最近会有大阳线,06-13 12:40
漂亮,06-13 02:05
为什么主力资金一直流出,06-13 01:59
上涨缩量，下跌放量，还有得磨,06-13 02:00
马上三千了，可以慢慢加仓了,06-13 02:05
还没到点呢，别急着砸啊,06-13 02:05
优绩分红后普跌，真是,06-13 02:05
主力货太多了，每天几十上百亿的流出，涨不起来,06-13 02:05
量化，量化,06-13 02:04
看样子3000点是守不住的，都是机构，基金在跑。,06-13 02:04
每次都是直线啦，直线跌，什么原因？,06-13 02:04
量化把人坑苦了,06-13 02:04
抄底的跟我来，一心一意推荐历史大低票，一心堂6月13日盘中跌幅达5%,06-13 02:04
量化就是为了去散户化。,06-13 02:04
除了量化，根本没有什么交易量！,06-13 02:00
因为融券做空可以赚钱，所以天天跌是必然的,06-13 02:03
跳水运动，开始,06-13 02:03
指数永远3000，股价轮动下跌,06-13 02:03
没有放量阳没有反转！,06-13 02:03
看来今天要跳水,06-13 02:03
3000点保卫战何时了？,06-13 02:02
李大霄：A股此轮行情初步命名为高息牛！这是一场没有人相信的特大牛市！,06-12 03:39
没有放量阳，没有反转。#高盛发声：中国市场已现复苏信号#,06-13 02:02
6.13午评|科特估慢慢强者恒强，唯一的持续性,06-13 12:57
3000点保卫战了,06-13 02:02
关于明天A股的行情，我还要强调一下，以防有人没有看到:,06-12 11:35
[困顿]你们不要货，我要[好困惑]收完睡觉,06-13 01:59
$上证指数(SH000001)$,06-13 01:59
策略：超跌反弹如期出现，还能追涨加仓吗？,06-12 02:03
又见三千，呵呵呵呵。,06-13 01:59
没有量啊。,06-13 01:58
当前的市场按专家说，就是技术性牛市！但存量资本博弈，还是让老夫提心吊胆！只能反复,06-13 01:58
白酒，白酒；证券，证券；好难，好难。,06-13 01:58
大伙都在涨啊你真的,06-13 01:58
你就看下面的绿柱柱，你就知道，这市场能不能投资了[大笑][大笑][大笑],06-13 01:58
，今天清仓买了纳斯达,06-13 01:57
下午筹码走了好多，大卖单是咋回事？,06-13 01:57
今天肯定会拉红,06-13 01:57
某还是观望》低空经济》……虽然120分钟macd金叉期间！。（但刚买就亏！！……,06-13 01:56
美股的泡沫不能忽视了，用不了多久，红线就会重新向上，A股会重新走牛,06-13 01:28
100万实盘丨科技还在上涨！加仓还是减仓？少然这样操作！,06-13 01:56
的你社融数据？现在都没公布，数据呢你好看？,06-13 01:56
白酒银行下跌，指数最少除以二了哈哈,06-13 01:55
大盘也该到底了吧？求求你了，往上拉一拉吧。,06-13 01:55
$上证指数(SH000001)$,06-13 01:55
这玩意怎么一直跌呢，谁能回答？,06-13 01:44
明天3000点保卫战[偷笑]先刺破再拉回[捂脸]下周继续向下[呲牙],06-13 01:54
这大盘资金就没有一天是流入的[大笑][大笑][大笑][大笑][为什么][为什么],06-13 01:54
总体近期还有大跌，因此波段空丹继续持有不动。日内继续高成功率。成熟的交易者不会随,06-13 01:53
变盘节点，等待转折,06-13 08:55
建议放弃抵抗——后续两天会跌破下方3004个3426点的淡蓝色底裤均线。因为如果,06-13 01:53
大基金三期有望为中国半导体产业带来1.5万亿元甚至更大规模的新增投资!3.44千,06-11 02:16
除了大疆无人机公司，还有科技公司吗？,06-13 01:46
已经跌了快一个月，发生了什么怎么这么不健康市场,06-13 01:43
我怎么感觉天天都是利空？,06-13 01:42
不用看了两点了就这样了,06-13 01:52
不会又要绿吧？,06-13 01:49
回测3000点,06-13 01:52
到底哪些股在涨？,06-13 01:42
阴跌不止的走势往往会伴随出现急跌才会见底,06-13 01:51
A股的分红除权设计相当不合理！分的自己钱不说，如下跌你补同样股仓一卖马上收你20,06-13 01:51
最近两周，随便买个股，每天都是-1-2，换哪个板块都没用，每天都-1-2，还挺规,06-13 01:51
快买入，大资金要来了,06-13 01:51
兄弟们，实在顶不住了，撤了[惨!关灯吃面][惨!关灯吃面][惨!关灯吃面],06-13 01:51
黑周四，谁敢买票,06-13 01:50
"山雨欲来风满楼,风雨过后一片狼藉！",06-13 01:50
A股跌起来轻轻松松，涨一点都何其艰难,06-13 01:50
兄弟你瘦了,06-13 01:50
销户才是正道,06-13 01:49
陈果“没有增量资金流入股市”竟遭基金经理群攻！,06-13 01:46
现在走的是五分钟四浪回调的小五浪下跌，结束后走五分钟的五浪上涨，要去突破3051,06-13 01:49
这么说吧，当日红盘的基本买不得，第二天基本低开套人，这行情就是买绿不买红，专沙追,06-13 01:49
阴跌一直跌,06-13 01:49
下午白酒，光伏会起飞,06-13 01:49
[大笑],06-13 01:48
三千点就是这么难，无论是谁都要等一下，不过3600不能视为牛来了！！,06-13 01:45
3000点不见不散哦。,06-13 01:47
等2970,06-13 01:26
股指期货买跌能赚大钱拼命砸,06-13 01:47
都是688在涨，散户多的主板不涨，即使半导体大涨也都是前排科创,06-13 01:47
主力没有一天资金是不流出的，都在做空。,06-13 01:47
有完没完，C,06-13 01:47
说这个地方没打操盘手控制，劳资是打死不相信，分时级别打到某一点就砸...反之亦然,06-13 01:46
3000肯定会破，迟早的事,06-13 01:41
两个月了，内资能流入一天么？一天到晚流出，你是便秘么！！！,06-13 01:28
3000点“保卫战”又要打响！买瓜！,06-13 01:46
量化兴风作浪,06-13 01:45
【午后点评】午后机器人板块有点异动，目前有2家涨停，2024年特斯拉股东大会将于,06-13 01:45
低吸，牛市开启，劵商最后压盘,06-13 01:45
大盘今天下午低点估计不会跌破3026点，尾盘2.30左右会走出反弹行情,06-13 01:23
又跳水,06-13 01:45
3000点以上皆为牛市,06-13 01:44
利好还是利空都是高开低走低开低走，真是厉害了,06-13 01:44
碰撞下跌,06-13 01:44
继续自嗨吧！永远是别人的错#对华电动汽车征税，欧盟算错了账#,06-13 01:44
牛市,06-13 01:44
砸盘是定律来的嘛,06-13 01:43
你还要跌多久？？？？,06-13 01:34
2700点等你,06-13 01:43
外资天天卖，身体最诚实#高盛发声：中国市场已现复苏信号#,06-13 01:43
半岛体今天是逃跑的最后时光,06-13 01:42
德系车都是合资车#对华电动汽车征税，欧盟算错了账#,06-13 01:42
硬想搞事,06-13 01:42
神奇的星期四,06-13 01:41
一起干,06-13 01:41
后天欧洲杯，下个月奥运会。中体产业可以布局。,06-13 01:41
∴:！！！～～#美股三巨头总市值逼近10万亿美元#,06-13 01:41
【“科特估”高增长50强！】,06-13 06:22
4.29到现在，内资一天没流入过,06-13 01:37
服了,06-13 01:40
股市一直跌的我血压一直升高。,06-13 01:34
希望中国股市是经营公司，不是天天主力流出卖公司,06-13 01:34
今日市场成织布机了比昨想象波动还小，今周四明周五掉个坑以半年线上完成周线4连阴？,06-13 01:40
大盘在下30点,06-13 01:40
买的个股大盘越涨越跌,06-13 01:36
盘中好几波赚钱效应你们抓住吗？但凡你们抓住一个，收盘都是被套的[大笑][大笑],06-13 01:40
量化[卖出][卖出][卖出],06-13 01:40
红一下这么难吗？,06-13 01:40
大盘开始跳水了,06-13 01:40
这个样子，明天直接一根砸穿。,06-13 01:39
昨天还根绳，今天就牵走一头牛,06-13 01:39
散户都没钱了还不拉升11,06-13 01:39
正丹股份，今天买100W，下周剩70W！,06-13 12:13
我确实服气了，彻底清仓了，我先撤了……,06-13 01:30
真会玩，拉科创板次新股，谁敢做。[晕],06-13 10:23
长源电力绩优，低价，小市值报业绩大幅增长,06-13 01:37
联储的约1万亿美元账面损失，已,06-13 01:37
明天市场如何演绎？？？,06-12 09:30
量化取消股市马上飞起来,06-13 01:37
这个走势真的是辣眼睛,06-13 01:37
向下要空间吧,06-13 01:37
继续缩量普反,06-12 11:38
2800走起是这意思不？,06-13 01:36
你们炒股从来不看市值吗？20亿严重虚高！又没实业不亏你们亏谁？都来吧！1000多,06-09 09:48
投入资金：50万，今日盈亏：十1100，收盘市值：101600，当前资产：397,06-12 03:02
现在是消化利好，明天破3,06-13 01:36
量化厉害,06-13 01:35
生为一个五千年文化的炎黄子孙我骄傲，但是不应该喜欢足球，更不应该买股票。人生最错,06-13 01:35
破3000才买,06-13 01:29
没有增量资金的股市就是跑得快，一日游,06-13 01:34
打底不干脆-阴跌折磨人-空卖不掉-多开不进。,06-12 10:51
为什么全球股市都是新高，你确实一直跌？？,06-13 01:20
A股确实也太让人寒心了,06-13 01:33
指数马上要红了，可是我买的股票亏损还在加大[大笑][大笑],06-13 01:32
16家20.00%涨停的，总和利润竟然还是亏损的[捂脸][捂脸][捂脸],06-13 01:32
已经无力吐槽，想认输不玩了,06-13 12:39
反弹只是为了更好的下跌,06-13 10:29
今天收盘在3040底部确定了,06-13 01:30
688的散户买不到，他们就使劲拉,06-13 01:30
要么大涨，要么大待涨,06-13 01:30
成交量还是好低啊！市场需要一剂强心针！[火箭][火箭][火箭],06-13 01:30
大家看看股市里，大部分股票一分钟交易几手，能有希望吗？,06-13 01:30
只要重仓一进，必套，不管你卖的位置有多低，这种偷看散户底牌的行为，太可耻了，看着,06-13 01:12
来咯来咯，又开始拉券商咯,06-13 01:12
突发！万科疯狂出清成都整栋物业，要求“必须全款”！,06-12 04:12
一年365天，天天资金都是流出的！,06-13 01:12
交银黄金加，又是黄金投顾策略新动向，费率还低，选择这只,06-13 01:12
跟昨天的策略一致，没出大阳线都是假的，最近休息为主，不单独发文章了,06-13 01:02
好股票也拿不住了之后进入守式状态,06-13 01:11
天天跌个不停！,06-13 01:11
明天大盘走势分析：金融市场“春晚”即将开播,06-12 07:05
操作：大动作加仓！这个方向加倍投，不要怂，速度要快，出击！,06-12 02:04
光，锂神奇的大a是越跌越起劲没有一丝丝反弹迹象,06-13 01:10
冲击3000点,06-13 01:10
唉。难受，指数没跌，钱包又空了,06-13 01:06
转发,06-13 01:10
破2950买1/4，破2900加仓一倍，破2850满仓进城,06-13 01:09
跳水节没过完,06-13 01:09
还有人幻想着发财，我赔的只剩裤衩子了,06-13 01:06
不要死撑，直接破3000算了，,06-13 01:08
量化去科创板建底仓了,06-13 01:08
黄线跑那么高是什么意思,06-13 01:01
计划你的交易,06-13 01:08
这3000点真是牛,06-13 01:08
量化观市：红利风格仍占优，但成长风格在走强？,06-13 01:08
A股周四早评：老铁务必细看！,06-13 06:42
量化看着底牌在做T，这怎么玩,06-13 01:07
……,06-13 01:07
我就是我，独一无二。永远对自己充满自信，心之所向，素履以往。,06-13 01:07
连续3天低点不创新低了，不要慌，以时间换空间，这个阶段机会大于风险,06-13 01:07
开拉券商了，可能掩护出货,06-13 01:06
炒股的尽头是解套,06-13 01:06
跌又不跌，涨又不涨，天天磨，散户都不敢进，只有量化和机构最喜欢这种行情。,06-13 12:58
这次靠散户保卫3000，量化肯定能赢。,06-13 01:05
建议小散满仓买入,06-13 01:05
觉醒吧，不要幻想，只要生态有问题就注定一地鸡毛。清仓销户，把时间和金钱留给家人，,06-13 11:14
不想割肉就只能加仓[捂脸][捂脸][捂脸],06-13 01:04
午评6月13日：高开震荡整理，沪指或构筑短期底部,06-13 01:03
权重股狂拉护指数[偷笑],06-13 01:03
加油冲,06-13 01:02
美国通胀数据来了。美股又找到上涨理由了美国5月CPI同比上升3.3%，预估为3.,06-13 03:12
半导体干它盘它,06-13 01:01
无量神功之大海无量！A股即将迎来无量牛！,06-12 01:56
#高盛发声：中国市场已现复苏信号#股市到底怎么了,06-13 11:29
意思就这，只卖不买？,06-13 10:19
2900左右如果能稳住，大A还是有后劲的，近期很多大V看在三千左右反转，有点想当,06-12 11:18
牛市快来了，坚持住,06-13 12:33
老大：中午好[献花][献花]大盘目前3千点破与不破没有任何意义！,06-13 12:58
你发现了吗，在小县城普通老百姓赚钱的渠道越来越......,06-13 12:57
开盘买入。北证跷跷板。#对华电动汽车征税，欧盟算错了账##协和电子8连板，什么逻,06-13 12:57
中信说了，3000点守不住,06-13 12:57
整个上半年，内资一共流入14天，威猛啊这是大牛市，哈哈哈,06-13 12:57
多数是退特估概念股,06-13 12:42
神奇的A股,06-13 12:56
6.13大家早上好啊！昨晚的事情蛮多，重要的是两件：第一个是，国内5月CPI同比,06-13 08:40
什么情况一路下跌一百多指数？,06-13 12:21
阳线同样是给你跑的，不是给你追的，不要反了。,06-12 04:00
降息影响：股市价值回升与价值投资回归,06-13 11:49
各位股友，请问在东方财富开户炒股的佣金便宜吗？东财的手机APP炒股软件好用吗？[,06-13 10:46
唉～～～～～～,06-13 12:54
688035  今天20厘米,06-13 11:29
中国大力补贴和生产的是新能源汽车不是电动汽车，所以他们征收反补贴税与新能源汽车无,06-13 12:51
真实散户成交不会超过800亿,06-13 12:50
颓势依旧，仍须谨慎。,06-13 12:50
市场观点大碰撞：多头与空头的趋势解读，你站哪一边？,06-12 11:07
$上证指数(SH000001)$,06-13 12:49
今年都别想有行情了,06-13 12:38
天天绿，能有一天见红的吗？,06-13 12:48
排毒很重要，但是补充营养也重要,06-13 12:37
看着这种收益曲线，每晚都在沉思……到底错在哪了，为什么每次一买就跌一抛就涨？是该,06-10 07:45
昨天大A再度上演缩量普涨行情。特别是午后，两市相关板块全面活跃，涨停近百股，上涨,06-13 06:50
6.13（周四）早评,06-13 08:04
另外我再说一个看法，都看好的半导体，为什么看好？那是因为涨了才看好的，就是这种心,06-13 12:31
AI芯片行业发展受重视 数字经济ETF（560800）上涨0.54%,06-13 12:46
量化在中小盘玩的不亦乐乎！,06-13 12:46
今天不破3000点明天破，明天不破后天破，反正早晚还得破。,06-13 11:26
天天振荡个毛呀！涨跌干脆一点！,06-13 12:31
消化5日线压力 “科特估”继续强势,06-13 12:44
哎，美股大涨，我们却只能小涨,06-13 11:30
6.13  缩量反弹，是止跌还是下跌中继？,06-13 09:10
又要跳水,06-13 10:26
天天砸盘,06-13 10:26
每三个月一次…保卫三千点！[看空][看空][看空],06-13 10:26
今天稳了吗？,06-13 10:26
天天有牛牛,06-13 10:26
破3000,06-13 10:26
主力，内资，机构根本卖不完，，，，,06-13 10:23
牛的，到底谁在赚,06-13 10:15
002962启动，吃,06-13 10:25
又开始了3000保卫战,06-13 10:25
跌跌不休又是3000点保卫战,06-13 10:25
什么？从2022年2月俄乌战争开始，俄罗斯交易所还能用美元欧元交易？？？$上证指,06-13 10:25
信心，大于一切短期利好[微笑],06-13 10:25
兄弟们早上好，今天周四会不会迎来暴风雨般的变盘？在周二沪指低开回落到3013后，,06-13 06:29
苹果在垂死挣扎，5.5G一出，就没它什么事了。港币样子才用,06-13 10:24
今年中报很多公司的业绩很难看,06-13 10:17
一抬头就是一棒槌,06-13 10:24
没有成交量，任何利好都没用，没人管内资不准散户赚钱的,06-13 10:24
散户就是不长记性！,06-13 10:24
如果没了公理和正义，那么还要清白做什么？,06-13 10:13
A股：不出意外的话，明天6月13日，市场将这样走,06-12 09:31
周四，绿色是正常发挥，能红的话是超常发挥，但是就算红指数个股绿多也没有用。投资者,06-13 10:24
A股周四早评：老铁务必细看！,06-13 09:10
【观点】弘业期货：黄金白银期货涨势强劲，通胀放缓降息预期增强,06-13 10:23
这次2900点。,06-13 10:23
又开始砸了！,06-13 10:23
3000肯定破的,06-13 10:23
聊聊量化视角下的黄金定价与行情观点,06-13 10:23
真的不会涨的哦,06-13 10:23
房地产今天能崛起吗？,06-13 10:23
缴枪不杀,06-13 10:23
嗨，比2635亏得都多，真厉害。,06-13 10:22
劳力士跟着黄金涨价,06-13 10:22
周三沪指缩量震荡反弹收红，结束四连阴，深成指顽强收涨，创业板指全天弱势调整，市场,06-13 10:22
今天比谁跑得快[大笑][大笑][大笑],06-13 10:22
借着拉高全卖了，下午下跌再买回来，做个T降点成本,06-13 10:22
目前最大的风险不是融资，不是造假，而是恶意退市，主力玩不过散户就直接卖公司，恶意,06-13 10:22
吉视传媒,06-13 10:22
无量天尊,06-13 10:22
紧握科特估，享受主升,06-13 09:15
改变趋势还是有点难啊，时间换空间，慢慢等待吧,06-13 10:22
又开始拉银行股权重股，余下的股都使劲砸了,06-13 10:22
点位没什么跌，钱没了，,06-13 10:21
世界黄金协会：黄金储量难找，维持开采量增长愈发困难,06-13 10:21
瞬间各大指数批量砸,06-13 10:21
空方太强大了,06-13 10:21
我就想知道大盘是怎么红的？,06-13 10:05
普涨，能否有持续性！,06-12 03:49
反弹结束了,06-13 10:20
股票退市！股民承担了所有,06-13 10:20
指数红我的股绿，指数绿我个股大绿，不是一个票，几个票都这样，白马也有，小盘也有，,06-13 10:15
利好你也跌，利空你也跌，仿佛被安排了,06-13 10:20
3000永远也上不去，想过吗,06-13 10:20
#高盛发声：中国市场已现复苏信号#模拟仓也加满了？？,06-13 10:20
对等，欧洲不想来贸易就这么简单，利好国内企业#对华电动汽车征税，欧盟算错了账#,06-13 10:19
拉指数这种事以后少做做。别指数涨大部分股票跌。,06-13 10:19
300133,06-13 10:19
【美联储连续第七次维持利率不变 纳指、标普500指数均续创历史新高】,06-13 10:19
顶住,06-13 10:19
5月社融数据一直没有发布,06-13 10:19
为啥开盘就跌，想不通，求高人解释,06-13 09:32
做的人还是太多,06-13 10:18
这走势今天大盘是跌吗？,06-13 10:18
连个五日线都想上去，五天之内的筹码都想套着，不知道怎么让中小投资者赚钱,06-13 10:18
劵商——，劵商，丑陋的劵商,06-13 10:18
维持暴跌至2600点区域观点不变！这是有意为之的。,06-13 10:09
次新股发东了，688新股,06-13 10:17
对等，欧洲也占不到便宜，对国内车企利好#对华电动汽车征税，欧盟算错了账#,06-13 10:17
又到了3000点,06-13 10:17
#美国5月CPI超预期回落，影响几何？#这数据可信不？,06-13 10:16
牛在何方,06-13 09:54
牛市开始了[大笑],06-13 10:16
买不了股指期货，有没有别的渠道买做空a股的基金什么的？,06-13 09:41
从纳科转移了部分仓位过来，溢价太多恐高了。这只连涨了几天，今天又大涨，果断切换赛,06-13 10:16
今天不涨，明天就是破3000，那短期一点机会都没有了,06-13 10:15
现在是牛市的哪个阶段[呲牙]？,06-13 10:03
大家都预期美联储降息后A股会涨但是A股的铁律是它一定朝着散户预期的反向走所以美联,06-13 10:15
上证，深证，创业指数都红了，持仓全绿，佩服自己。。。,06-13 10:05
